"id","druh","jmeno","vaha","narozen","spotreba"
"477","74","Ronja","134","2009-06-14",NULL
"478","5","Kalimana","114","1957-12-27",NULL
"479","76","Andy","44","1946-03-04",NULL
"480","63","Muradin","60","1945-08-24",NULL
"481","8","Mozart","52","2004-06-24",NULL
"482","42","Filipek","77","1948-05-30",NULL
"483","43","Luciferinka","14","1943-04-25",NULL
"484","4","Anriketa","51","1955-12-26",NULL
"485","23","Piskyt","77","1990-10-28",NULL
"486","28","Dookie","145","2001-01-23",NULL
"487","26","Zmoula","10","1943-08-22",NULL
"488","48","Sofinka","8","2003-08-16",NULL
"489","41","Lulu","47","1950-02-23",NULL
"490","86","Rudecek","119","1976-06-19",NULL
"491","92","Cikoreta","94","1946-10-14",NULL
"492","100","Tuli","26","1967-03-19",NULL
"493","71","Carline","131","1984-07-11",NULL
"494","87","Vitamin","119","1957-10-19",NULL
"495","89","Ashley","90","1924-03-03",NULL
"496","68","E.T.","69","1962-02-23",NULL
"497","80","Ambra","113","1949-01-10",NULL
"498","56","Medvidek","29","1947-06-14",NULL
"499","85","Jaffik","20","2004-12-07",NULL
"500","31","Pyzduch","3","1945-04-08",NULL
"501","93","Yvonne","63","2000-02-26",NULL
"502","21","Pan Muf","130","1979-12-08",NULL
"503","48","Angeela","114","1935-12-15",NULL
"504","22","Bambi","37","1954-08-28",NULL
"505","104","Zrzecka","150","1976-02-22",NULL
"506","19","Lizinka","61","1979-07-26",NULL
"507","55","Zofinka","46","1984-03-24",NULL
"508","33","Sebastian","109","1919-03-31",NULL
"509","14","Cora","109","2006-01-30",NULL
"510","61","Fionka","112","1939-10-19",NULL
"511","52","Amelie","118","1965-04-06",NULL
"512","2","Otinka","46","1969-09-22",NULL
"513","31","Aivy","42","1967-09-04",NULL
"514","71","Klementyna","77","1965-12-09",NULL
"515","85","Corri","38","1989-05-30",NULL
"516","101","Benzis","126","1912-02-15",NULL
"517","58","Bakara","41","2006-12-11",NULL
"518","1","Bill","128","1987-05-20",NULL
"519","66","Lady","51","1952-10-21",NULL
"520","67","Mourinka","140","1938-07-21",NULL
"521","21","Veset","34","1975-02-12",NULL
"522","76","Taurinka","137","1922-10-22",NULL
"523","16","Ludek","20","1951-04-19",NULL
"524","101","Belicek","2","1924-11-14",NULL
"525","29","Laura","102","1959-02-25",NULL
"526","55","Divinka","127","2009-12-18",NULL
"527","18","Bonnie","6","2009-03-27",NULL
"528","101","Sanny","73","1983-03-18",NULL
"529","74","Buchticka","28","1972-12-25",NULL
"530","9","Jonash","24","1956-02-20",NULL
"531","30","Cudin","99","1950-06-30",NULL
"532","70","Danda","90","1920-10-16",NULL
"533","28","Viviana","65","1967-03-06",NULL
"534","28","Rosa-Maya","7","1984-04-18",NULL
"535","8","Jura","116","1934-11-09",NULL
"536","26","Anastacia","4","1983-12-30",NULL
"537","21","Wolverine","44","1952-04-15",NULL
"538","47","Efram","59","1950-03-24",NULL
"539","4","Peta","136","1931-01-02",NULL
"540","52","Osiris","114","1919-02-06",NULL
"541","19","Quanda","135","1939-03-01",NULL
"542","99","Karkulka","79","2001-04-02",NULL
"543","30","Alesa","27","1929-10-29",NULL
"544","21","Lumpik","46","2007-11-29",NULL
"545","62","Ina","138","1939-02-07",NULL
"546","31","Amee","37","1982-04-21",NULL
"547","15","Formula","116","1957-02-02",NULL
"548","55","Moura","109","1979-04-27",NULL
"549","65","Oxana","149","1988-02-20",NULL
"550","54","Malina","14","1939-07-13",NULL
"551","27","Sahulka","101","1921-12-04",NULL
"552","102","Kejra","131","1953-09-17",NULL
"553","82","Malinka","88","1991-08-10",NULL
"554","87","Arotka","59","1933-10-09",NULL
"555","17","Zorko","74","2008-09-01",NULL
"556","22","Nita","10","1957-01-25",NULL
"557","5","Shela","89","1948-01-07",NULL
"558","71","Margareta","1","1953-07-11",NULL
"559","70","Vilemina","112","1964-06-03",NULL
"560","63","Moli","44","1950-05-11",NULL
"561","92","Hopkins","124","1947-04-12",NULL
"562","22","Ollie","136","1922-01-20",NULL
"563","41","Hatsepsove","50","1983-02-17",NULL
"564","41","Mikinka","72","1960-05-10",NULL
"565","7","Juklinek","129","1993-02-28",NULL
"566","89","Pipinka","61","1947-08-16",NULL
"567","14","Lilek","15","1921-04-24",NULL
"568","41","Pitt","58","1926-05-12",NULL
"569","22","Dikinka","92","1930-08-14",NULL
"570","53","Janek","101","1988-10-10",NULL
"571","104","Tornado","131","1914-12-21",NULL
"572","37","Hugo","146","1997-01-29",NULL
"573","86","Izzi","129","2003-06-07",NULL
"574","26","Nia","129","1966-11-01",NULL
"575","100","Charllota","58","2008-06-15",NULL
"576","80","Flekous","43","1956-09-27",NULL
"577","93","Zina","89","1973-01-10",NULL
"578","27","Chiky","32","2005-08-25",NULL
"579","8","Dejsi","125","1972-01-16",NULL
"580","83","Jeremy","74","1984-01-15",NULL
"581","35","Minda","3","1966-11-18",NULL
"582","91","Mercedes","78","1992-12-09",NULL
"583","94","Sefer","21","1931-01-20",NULL
"584","43","Napoleon","118","1986-12-18",NULL
"585","39","Elizabet","9","1982-08-20",NULL
"586","27","Mirinda","3","1989-01-10",NULL
"587","88","Flik","82","1938-02-19",NULL
"588","3","Miska","95","2008-02-09",NULL
"589","68","Gulliver","87","1915-02-28",NULL
"590","9","Lesana","144","1914-01-06",NULL
"591","9","zolik","79","1939-05-13",NULL
"592","32","Kulik","49","1991-07-04",NULL
"593","39","Nela","78","1980-06-01",NULL
"594","55","Moby","31","1964-04-20",NULL
"595","78","Guiseppe","116","1995-01-08",NULL
"596","42","Quiseppe","42","1945-01-31",NULL
"597","89","Andicka","18","2002-12-22",NULL
"598","97","Arinka","142","1942-07-23",NULL
"599","64","Kajda","103","1940-06-20",NULL
"600","51","Vanesa","66","1963-06-07",NULL
"601","78","Adinka","144","2010-07-31",NULL
"602","99","Wendy","137","1977-07-29",NULL
"603","50","Titinka","18","1992-10-20",NULL
"604","17","Minonka","7","1920-03-08",NULL
"605","103","Piskutek","125","1959-01-14",NULL
"606","20","Valentino","3","1975-07-20",NULL
"607","93","Nicholas","71","1911-06-05",NULL
"608","82","Fany","28","1993-01-07",NULL
"609","76","Pindulka","5","1971-11-13",NULL
"610","76","Misa","61","1969-01-13",NULL
"611","54","Cak Norris","113","1966-04-24",NULL
"612","83","Niki","90","1939-04-15",NULL
"613","44","Ria","17","1986-03-08",NULL
"614","24","Jejdik","39","1923-12-01",NULL
"615","76","Belisa","44","1975-08-28",NULL
"616","50","Lady","79","1921-07-01",NULL
"617","58","Clarence","142","1991-01-17",NULL
"618","36","Dyda","59","1931-10-15",NULL
"619","14","Stin","51","1948-05-28",NULL
"620","98","Vesper","148","1935-06-27",NULL
"621","9","Ghandi","67","1920-12-20",NULL
"622","73","Faust","136","1935-01-21",NULL
"623","20","Jantarka","136","1975-02-14",NULL
"624","20","Jamie","132","1911-06-02",NULL
"625","74","Billinka","40","1942-03-30",NULL
"626","79","Baba","53","1991-10-19",NULL
"627","94","Australka","28","1947-03-24",NULL
"628","95","Tapi","59","1997-05-05",NULL
"629","19","Franceska","45","1981-11-24",NULL
"630","78","Ashanti","72","1958-04-24",NULL
"631","43","Morfeus","144","1934-08-12",NULL
"632","87","Mikca","8","1934-10-17",NULL
"633","32","Lotty","36","1932-11-18",NULL
"634","61","Annifer","132","1974-10-18",NULL
"635","5","Kocka","29","1938-03-19",NULL
"636","61","Xai","53","1929-05-09",NULL
"637","68","Pucinka","55","1994-10-23",NULL
"638","87","Chery","20","1974-12-11",NULL
"639","9","Dada","19","2005-01-22",NULL
"640","18","Tuplich","91","1963-05-08",NULL
"641","88","Kobliha","14","1964-03-29",NULL
"642","101","Jeddy","108","1993-11-28",NULL
"643","95","Alejenzourek","45","1917-10-20",NULL
"644","67","Kofik","46","1917-10-20",NULL
"645","69","Dita","16","1950-05-14",NULL
"646","24","Korina","111","1961-03-28",NULL
"647","90","Falco","90","1991-10-31",NULL
"648","21","Amazonka","105","1938-04-28",NULL
"649","9","Riky","71","1956-10-27",NULL
"650","41","Ruzena","118","1979-11-14",NULL
"651","81","Nikola","32","1991-09-12",NULL
"652","48","Apple","94","1933-10-09",NULL
"653","32","Majkiii","35","1956-05-18",NULL
"654","102","Andi","19","1917-05-21",NULL
"655","38","Marcela","144","2006-06-01",NULL
"656","51","Anezka","123","1942-12-08",NULL
"657","30","Marita","91","1984-01-21",NULL
"658","40","Nelinka","15","1928-05-01",NULL
"659","32","Brambas","105","2004-02-17",NULL
"660","33","Pusinka","146","1950-09-10",NULL
"661","21","Miss","20","2003-09-04",NULL
"662","26","Buffy","91","1981-04-10",NULL
"663","59","Milhouse","78","1932-01-28",NULL
"664","35","Anastazie","79","2005-03-03",NULL
"665","13","Mimik","1","1944-08-31",NULL
"666","10","LasesQa","101","1970-06-05",NULL
"667","38","Chuva","137","2006-12-18",NULL
"668","53","Tamayka","50","1938-07-02",NULL
"669","1","Misa","39","1982-02-17",NULL
"670","77","Milosek","10","1936-02-18",NULL
"671","19","Lenny","35","1970-11-12",NULL
"672","90","Olisek","73","1982-09-27",NULL
"673","82","Spike","54","1915-12-30",NULL
"674","3","Kajsinka","56","1968-04-17",NULL
"675","57","Vincek","78","1934-06-18",NULL
"676","95","Scheila","104","2004-01-13",NULL
"677","60","Brudka","72","1979-09-23",NULL
"678","72","Mrumlinka","41","1949-04-11",NULL
"679","102","Lussi","113","1943-11-15",NULL
"680","63","Samara","122","1912-05-15",NULL
"681","27","Marilyn","31","1992-11-06",NULL
"682","15","Astel","74","1942-03-06",NULL
"683","56","Yanka","67","1994-12-10",NULL
"684","31","Cicoun","7","1963-02-24",NULL
"685","22","Querlik","134","1967-08-02",NULL
"686","16","Toy","49","1937-04-20",NULL
"687","7","Biiiiiiiibiiii","74","1994-05-03",NULL
"688","31","Nefertiti","18","1974-09-30",NULL
"689","33","Mana","30","2005-06-27",NULL
"690","71","Katka","40","1966-01-29",NULL
"691","74","Cicina","48","1976-08-13",NULL
"692","37","Absint","39","1973-08-31",NULL
"693","15","Marwinek","32","1975-03-20",NULL
"694","55","Emuska","142","1917-11-20",NULL
"695","45","Micacek","60","1952-05-31",NULL
"696","54","Picmoch","80","1945-03-20",NULL
"697","76","Sheena","146","1957-08-02",NULL
"698","24","Idea","111","1967-02-14",NULL
"699","5","Vanilka","13","1951-09-03",NULL
"700","35","Iras","108","1945-09-30",NULL
"701","97","Kiss","72","2010-05-22",NULL
"702","44","Karfild","36","2003-08-27",NULL
"703","66","Sona","51","2001-12-10",NULL
"704","91","Bobulka","137","1987-07-30",NULL
"705","92","Meggie","45","1920-11-17",NULL
"706","3","Balbin","95","2004-03-14",NULL
"707","102","Oona","75","1947-05-26",NULL
"708","50","Noris","80","1934-12-22",NULL
"709","33","Windy","13","1921-06-09",NULL
"710","14","Macuska","37","1917-01-10",NULL
"711","88","Kioko","52","1957-06-26",NULL
"712","35","Pizla","141","1925-03-30",NULL
"713","98","Mirabella","110","1916-06-08",NULL
"714","81","Malinka","113","1969-02-13",NULL
"715","25","Plesnivka","49","1985-03-11",NULL
"716","89","Pandicka","11","2007-06-04",NULL
"717","16","Bublinka","11","1918-05-30",NULL
"718","33","Edward","139","1984-05-04",NULL
"719","27","Bona","19","1929-06-02",NULL
"720","6","Micina","80","1982-09-09",NULL
"721","27","Abel","136","1940-03-01",NULL
"722","68","Amadeus","128","1989-05-08",NULL
"723","18","Teri","36","1963-02-20",NULL
"724","32","Emilka","30","1988-05-28",NULL
"725","97","Hathor","114","1915-07-04",NULL
"726","55","Sisi","128","1948-10-31",NULL
"727","75","Pomnenka","108","1938-07-24",NULL
"728","75","Wey-ling","83","1930-12-12",NULL
"729","61","Dijka","76","1979-11-02",NULL
"730","41","Heksan","47","1969-03-20",NULL
"731","35","Adus","139","1969-04-25",NULL
"732","40","Linssi","105","1953-10-07",NULL
"733","40","Bilka","46","1949-08-24",NULL
"734","43","Ciko","49","1923-08-30",NULL
"735","4","Bianca","41","1984-01-22",NULL
"736","86","Puclik","143","1960-03-07",NULL
"737","47","Irma","29","1989-07-01",NULL
"738","52","Silvestr","62","1929-10-31",NULL
"739","35","Sennynka","26","1943-04-12",NULL
"740","90","Pacicka","123","1963-08-18",NULL
"741","13","Damian","80","1951-02-13",NULL
"742","89","Lucinka","71","1953-06-17",NULL
"743","78","Timur","116","1928-10-12",NULL
"744","74","Otylka","148","1972-03-20",NULL
"745","81","Titty","2","1985-07-12",NULL
"746","90","Carmencita","35","1925-11-21",NULL
"747","61","Alois","37","2009-05-25",NULL
"748","10","Ikarus","23","2010-05-13",NULL
"749","66","Minicka","12","1938-07-11",NULL
"750","79","Bacu","58","1946-01-18",NULL
"751","4","Lejdy","63","1977-05-31",NULL
"752","41","Prtka","61","1911-10-22",NULL
"753","43","Bublibudka","9","1941-05-30",NULL
"754","30","Drna","132","1960-06-19",NULL
"755","12","Syvula","32","1966-12-02",NULL
"756","37","Certik","123","1942-01-07",NULL
"757","93","Zizla","51","1998-01-09",NULL
"758","75","Mnauz","142","1974-12-05",NULL
"759","37","Pudlenka","61","1921-05-29",NULL
"760","84","Pokójo","28","1944-11-11",NULL
"761","52","Duhovka","80","1948-11-30",NULL
"762","42","Samira","43","1998-09-27",NULL
"763","52","Ninus","59","2009-11-01",NULL
"764","40","Frankie","60","1941-11-06",NULL
"765","4","Kino","61","1942-05-07",NULL
"766","17","Cornelia","117","1996-11-05",NULL
"767","55","Nikolka","63","1924-04-01",NULL
"768","12","Mnaudama","111","1993-03-31",NULL
"769","94","Mominko","144","1956-06-08",NULL
"770","103","Bumbundulak","112","1917-03-17",NULL
"771","26","Hanicka","5","1953-05-02",NULL
"772","75","Monthy","36","1951-11-04",NULL
"773","69","Bastet","135","1987-12-17",NULL
"774","101","Kvetuska","146","1925-04-05",NULL
"775","45","Silkina","86","1972-12-09",NULL
"776","75","Brucka","91","1929-11-24",NULL
"777","69","Natasha","37","1967-04-10",NULL
"778","97","Chlupacek","6","1983-06-21",NULL
"779","83","Whiskers","46","1930-06-08",NULL
"780","104","Alo","118","1964-05-14",NULL
"781","7","Timania","21","1967-05-05",NULL
"782","11","Amada","51","1958-06-09",NULL
"783","88","Trinniti","106","2000-10-28",NULL
"784","11","Elza","3","1995-10-19",NULL
"785","98","Kurziva","2","1939-05-03",NULL
"786","84","Theo","71","1919-11-11",NULL
"787","36","Kellynka","80","1969-12-30",NULL
"788","70","Ivanka","117","1979-04-14",NULL
"789","12","Quisda","51","1975-04-01",NULL
"790","18","Alexeja","4","1975-02-17",NULL
"791","83","Mim","145","1912-09-20",NULL
"792","97","Russy","36","2000-10-01",NULL
"793","42","Vendulina","96","2006-08-22",NULL
"794","21","Sylvyana","87","1945-11-06",NULL
"795","74","Barbucha","146","1993-10-30",NULL
"796","44","Kóca","84","1994-06-28",NULL
"797","91","Pucifous","95","1957-11-17",NULL
"798","58","Dildo","104","1990-07-06",NULL
"799","52","Diddlinka","28","1993-10-25",NULL
"800","12","Cita","139","1986-05-15",NULL
"801","84","Soniste","12","1987-02-18",NULL
"802","65","Blaznivka","83","1939-05-16",NULL
"803","34","Menza","53","1924-02-23",NULL
"804","82","Waldemar","115","1965-04-18",NULL
"805","91","Murka","42","1942-12-07",NULL
"806","59","Belle","128","1981-06-15",NULL
"807","9","Asis","65","1967-05-13",NULL
"808","30","Xaver","123","1955-03-13",NULL
"809","100","Pan Max","101","1988-08-25",NULL
"810","27","Sandra","91","1940-07-20",NULL
"811","52","Dabel","18","1999-05-31",NULL
"812","73","Delphine","118","1938-05-11",NULL
"813","6","Masemenonasaku","42","1930-02-25",NULL
"814","13","Mindik","2","1924-06-09",NULL
"815","46","Certi","110","1946-07-04",NULL
"816","23","Lucius","68","1995-12-13",NULL
"817","16","Evca","50","1981-03-18",NULL
"818","86","Jonet","91","1954-12-08",NULL
"819","32","Asinka","44","1945-10-25",NULL
"820","37","Tante-Mützi","44","2000-12-08",NULL
"821","44","Zlatuska","91","1956-03-12",NULL
"822","4","Misule","64","1992-11-10",NULL
"823","101","Puma","8","2006-07-05",NULL
"824","98","Viktorie","119","1968-11-13",NULL
"825","28","Dita","82","1987-07-01",NULL
"826","4","Sylva","28","1919-10-06",NULL
"827","20","Filemon","10","1972-11-10",NULL
"828","68","Knoural","102","1945-12-29",NULL
"829","39","Dalik","83","1948-01-21",NULL
"830","39","Rory","9","1965-01-14",NULL
"831","28","James","35","1995-11-10",NULL
"832","2","Cukrinka","70","1999-01-29",NULL
"833","60","AbuMusa Zarkavi","25","1918-08-13",NULL
"834","40","Firacaja","144","1958-05-17",NULL
"835","46","Artemida","9","1976-12-10",NULL
"836","31","Gabriela","20","1920-05-20",NULL
"837","97","Megyen","43","1959-09-15",NULL
"838","74","Nina","138","1974-03-08",NULL
"839","13","Antonin","142","2006-08-20",NULL
"840","24","Midnight","82","1947-06-29",NULL
"841","98","Megi","112","1958-04-05",NULL
"842","15","Tichoslapka","10","1959-07-22",NULL
"843","86","Clea","105","1985-09-24",NULL
"844","92","Azrael","134","1912-11-18",NULL
"845","62","Mara","99","1921-11-03",NULL
"846","82","Mysh","66","1959-04-25",NULL
"847","70","Hribek","112","1993-11-09",NULL
"848","35","Ara","77","1928-03-19",NULL
"849","43","Essie","145","1974-02-17",NULL
"850","21","Brutus","68","2000-11-30",NULL
"851","80","Andre","7","1992-12-24",NULL
"852","64","Kysek","81","1976-12-26",NULL
"853","20","Balina","144","1942-09-24",NULL
"854","36","Chicquita","33","1919-05-10",NULL
"855","30","Tapicka","72","2009-04-14",NULL
"856","83","Barinsonek","127","1925-05-15",NULL
"857","62","Bublina","38","1961-07-13",NULL
"858","4","Masa","31","1972-06-17",NULL
"859","39","Marie Terezie","45","1988-06-08",NULL
"860","88","Felicita","26","1987-08-12",NULL
"861","32","Angelina","90","1987-08-04",NULL
"862","60","Kelisova","131","1911-12-01",NULL
"863","48","Plysacek","120","1959-05-08",NULL
"864","63","Mysisek","61","2001-11-30",NULL
"865","63","Molli","66","1942-05-20",NULL
"866","77","Zenny","149","1946-11-15",NULL
"867","17","Matej","148","1991-11-12",NULL
"868","60","Kikousek","150","1985-09-09",NULL
"869","49","Simonka","3","1989-08-07",NULL
"870","76","Samuelson","68","2005-10-05",NULL
"871","6","Charlie","141","1974-11-28",NULL
"872","56","Odysseus","13","1941-11-28",NULL
"873","86","Lefinka","137","1925-08-06",NULL
"874","85","Arabela","7","1938-12-03",NULL
"875","4","Honda","123","1980-07-24",NULL
"876","69","Kyticka","71","1927-01-09",NULL
"877","43","Debbie","53","2003-12-13",NULL
"878","92","Spidy","57","1979-09-22",NULL
"879","1","Sara","94","1975-07-12",NULL
"880","57","Babeta","133","1975-03-15",NULL
"881","74","Karinka","48","1964-04-04",NULL
"882","9","Gina","136","1984-06-10",NULL
"883","94","Tlapka","138","1992-04-02",NULL
"884","47","Greta","123","1944-09-26",NULL
"885","84","Roxana","97","1935-08-12",NULL
"886","59","Buchtilka","76","2006-07-10",NULL
"887","90","Carlos","45","1940-10-26",NULL
"888","22","Pipin","29","1995-01-17",NULL
"889","76","Lisa","146","1941-09-22",NULL
"890","92","Samba","46","1960-02-06",NULL
"891","15","Drtikol","101","1990-02-26",NULL
"892","49","Valentin","135","2007-04-11",NULL
"893","7","Bobrman","20","1980-10-22",NULL
"894","33","Divis","78","1944-12-20",NULL
"895","27","Anca","118","1997-02-14",NULL
"896","32","Oriella","146","1961-07-25",NULL
"897","59","Reggi","77","1957-03-24",NULL
"898","76","Filinka","118","1938-03-07",NULL
"899","43","Tako","131","1933-12-23",NULL
"900","2","Zuzana","128","1992-01-08",NULL
"901","46","Belka","29","1947-02-17",NULL
"902","49","Kacenka","110","1974-04-13",NULL
"903","73","Rejcl","128","1940-10-25",NULL
"904","42","Klubicko","76","1969-12-01",NULL
"905","24","Piza","116","1916-01-12",NULL
"906","52","Mourecka","64","2006-12-08",NULL
"907","29","Lili","115","1953-09-16",NULL
"908","20","Chinta","60","1932-04-24",NULL
"909","89","Nilo","85","1989-02-17",NULL
"910","36","Agina","19","1937-09-06",NULL
"911","28","Mikiki","128","2009-08-18",NULL
"912","8","Ajla","56","1950-02-21",NULL
"913","1","Orion","137","1984-06-03",NULL
"914","57","Johny","112","1986-08-06",NULL
"915","99","Eris","18","1990-06-07",NULL
"916","22","Fousek","31","1955-03-12",NULL
"917","22","Mina","20","1993-05-08",NULL
"918","49","Aqabela","54","1990-01-23",NULL
"919","100","Fanousek","55","1959-01-31",NULL
"920","65","Fedora","18","1935-11-22",NULL
"921","82","Fibi","13","1942-12-23",NULL
"922","41","Koutas","5","1943-12-11",NULL
"923","39","Treysha","125","2005-07-20",NULL
"924","64","Maruska","111","1958-11-16",NULL
"925","90","Kitty al Pitty","33","1992-06-02",NULL
"926","84","Lucietka","87","1996-04-07",NULL
"927","20","Benji","10","1918-12-24",NULL
"928","41","Pankrac","38","1942-08-18",NULL
"929","52","Cynthia","56","1971-01-14",NULL
"930","21","Syndy","36","1942-03-14",NULL
"931","101","Safira","37","1982-06-19",NULL
"932","31","Pupik","48","2000-08-17",NULL
"933","23","Dakh","13","1944-08-21",NULL
"934","73","Samer","143","1983-12-03",NULL
"935","88","Nikos","101","1922-07-26",NULL
"936","57","Wilson","41","1975-09-09",NULL
"937","8","Zofik","25","1925-09-16",NULL
"938","64","Mini Maumau","52","1938-01-31",NULL
"939","69","Trumpetacek","105","1950-01-13",NULL
"940","24","Vlasenka","95","1998-08-29",NULL
"941","47","Valet","144","2006-01-30",NULL
"942","13","Aramek","87","2001-05-06",NULL
"943","67","Rozarka","132","1999-03-19",NULL
"944","7","Tsunami","52","1954-11-01",NULL
"945","60","Ciky","94","1965-03-23",NULL
"946","1","Tapka","115","1950-06-12",NULL
"947","81","Oudy","19","1967-03-17",NULL
"948","79","Afrodita","139","1951-08-15",NULL
"949","92","Cookie","124","1941-02-17",NULL
"950","20","Cherry","123","1991-07-27",NULL
"951","100","Bridget","22","1997-04-28",NULL
"952","8","Helena","87","2000-09-27",NULL
"953","87","Menterese","1","1948-07-16",NULL
"954","73","Quillan","147","1929-02-27",NULL
"955","94","Katinka","110","1962-11-09",NULL
"956","57","Ramses","143","1915-09-13",NULL
"957","64","Bobisek","149","1952-07-15",NULL
"958","100","Quendolina","56","1952-05-23",NULL
"959","78","Tornado Lu","54","1993-02-06",NULL
"960","37","Zoubek","13","1949-04-22",NULL
"961","41","Vendulina","115","2003-11-01",NULL
"962","57","Greisi","16","2008-02-13",NULL
"963","81","Drusilla","8","1996-01-05",NULL
"964","88","Pandora","117","1966-06-04",NULL
"965","80","Kalliope","16","1980-10-04",NULL
"966","49","Pampeliska","76","1971-06-12",NULL
"967","90","Cicmund","18","1999-08-04",NULL
"968","20","Cica","30","1950-08-12",NULL
"969","84","Wicki","145","1990-11-19",NULL
"970","23","Tomicek","118","1939-06-14",NULL
"971","64","Dreysi","62","1965-04-24",NULL
"972","30","Hvezdicka","87","1919-01-02",NULL
"973","84","Hubert","134","1987-09-16",NULL
"974","54","Ernst","14","1944-06-20",NULL
"975","31","Missee","60","1995-10-26",NULL
"976","58","Kordulka","64","1960-08-28",NULL
"977","40","Galadriel","144","1930-08-06",NULL
"978","78","Mikyk","142","2007-08-11",NULL
"979","36","Georgina","3","2009-03-18",NULL
"980","62","Misimi","138","1986-01-14",NULL
"981","84","Chipi","135","1991-04-24",NULL
"982","103","Evelyna","135","1939-05-10",NULL
"983","30","Dasik","119","2007-05-06",NULL
"984","22","Sindinka","35","2007-08-16",NULL
"985","19","Mia","70","1978-11-22",NULL
"986","42","Vanesa","16","1960-05-07",NULL
"987","12","Prna","7","1979-10-30",NULL
"988","44","Wiki","18","1980-11-28",NULL
"989","87","Fabiola","12","2001-10-18",NULL
"990","3","Pan Pu","89","1929-02-18",NULL
"991","39","Sasi","130","1954-12-01",NULL
"992","66","Angie","120","1975-12-30",NULL
"993","76","Sindy","141","2004-01-22",NULL
"994","72","Ajka","11","2007-03-14",NULL
"995","81","Atthos","3","1934-08-14",NULL
"996","81","Tiger","127","1940-02-09",NULL
"997","15","Smolda","69","2007-05-06",NULL
"998","49","Phoebe","106","1983-06-13",NULL
"999","77","Fibina","108","1983-12-19",NULL
"1000","53","Hajdy","139","2006-03-23",NULL
"1001","90","Cita","26","1920-03-14",NULL
"1002","24","Lusien","48","1992-10-12",NULL
"1003","35","Ajda","24","1992-04-05",NULL
"1004","67","Zuzinka","145","1997-10-20",NULL
"1005","93","Smilley","86","2001-01-16",NULL
"1006","94","Zuli","45","2000-08-21",NULL
"1007","70","Ele","35","1988-11-20",NULL
"1008","8","Katyna","10","1931-05-06",NULL
"1009","4","Eliasek","41","1952-08-29",NULL
"1010","24","Jeana","75","1958-02-03",NULL
"1011","48","Tacetka","87","1921-04-23",NULL
"1012","48","Erika","82","1994-11-16",NULL
"1013","46","Kata","26","1925-06-28",NULL
"1014","88","Pipnka","61","2005-05-13",NULL
"1015","91","Penny","8","1939-05-20",NULL
"1016","71","Melisa","15","1991-05-02",NULL
"1017","1","Ivacek","57","2001-05-26",NULL
"1018","84","Kyki","80","1999-12-02",NULL
"1019","52","Heather","43","2006-02-15",NULL
"1020","16","Amina","46","1993-09-06",NULL
"1021","50","Fabio","36","1964-11-12",NULL
"1022","94","Colette","114","1953-12-12",NULL
"1023","36","Nora","140","1915-12-24",NULL
"1024","26","Abelia","130","1980-08-29",NULL
"1025","45","Klara","134","1970-05-01",NULL
"1026","98","Donald","139","1946-06-01",NULL
"1027","25","Jasenka","9","1935-11-06",NULL
"1028","98","Chocholous","131","1976-08-30",NULL
"1029","12","Noel","150","1964-08-28",NULL
"1030","82","Anabelle","4","1956-01-18",NULL
"1031","18","Alerzion","130","2001-01-09",NULL
"1032","69","Alba","22","1999-11-11",NULL
"1033","8","Vali","107","1985-01-21",NULL
"1034","100","Kubo","85","1962-06-09",NULL
"1035","52","Gillaume","6","1993-09-06",NULL
"1036","16","Cimina","100","1948-02-01",NULL
"1037","47","Colorka","40","1995-12-25",NULL
"1038","31","Diggy","48","1972-07-11",NULL
"1039","59","Leontynka","128","1915-07-14",NULL
"1040","67","Omar","18","1922-09-09",NULL
"1041","65","Fryspin","44","1955-08-11",NULL
"1042","48","Capy","101","1972-10-14",NULL
"1043","35","Kotulin","133","1933-11-28",NULL
"1044","12","Zofka","129","1939-11-16",NULL
"1045","94","Zrzik","101","1960-05-23",NULL
"1046","52","Cernobil","122","1997-03-02",NULL
"1047","104","Flower Marillon","74","1919-08-19",NULL
"1048","29","Balu","52","1917-03-06",NULL
"1049","68","Manicka","138","1941-10-04",NULL
"1050","63","Falinka","80","1993-12-27",NULL
"1051","68","Caesar","91","1985-08-27",NULL
"1052","103","Backie","4","1983-01-14",NULL
"1053","32","Motor","33","1973-01-20",NULL
"1054","74","Beja","10","2004-12-03",NULL
"1055","50","Konzuela","34","1968-05-01",NULL
"1056","100","Saxana","52","1989-07-26",NULL
"1057","39","Sugin","120","1931-09-25",NULL
"1058","47","Tlamicka","143","1952-07-27",NULL
"1059","58","Bara","19","2004-05-20",NULL
"1060","15","Lolita","33","1953-03-03",NULL
"1061","35","Jessica","88","1989-04-21",NULL
"1062","73","Serpentyna","140","2001-11-25",NULL
"1063","74","Tulda","21","1930-06-29",NULL
"1064","77","Michel","64","1983-04-16",NULL
"1065","34","Cvikyr","130","1965-12-13",NULL
"1066","75","Yashi","80","1916-08-11",NULL
"1067","71","Dandelion","60","1973-10-28",NULL
"1068","87","Bindy","117","1934-04-07",NULL
"1069","64","Divinka","64","1986-06-12",NULL
"1070","36","Tasinka","137","1966-04-22",NULL
"1071","100","Cicika","100","1913-01-11",NULL
"1072","7","Hermióna","27","1928-11-05",NULL
"1073","35","Valecek","18","1993-11-24",NULL
"1074","31","Arnoldianna","51","1945-11-25",NULL
"1075","50","Pipina","48","1962-07-04",NULL
"1076","61","Cliff","20","1985-07-22",NULL
"1077","5","Rischa","146","2003-01-27",NULL
"1078","20","Baltazar","99","1973-08-04",NULL
"1079","87","Amanda","51","1921-06-28",NULL
"1080","70","Puf","131","1975-04-18",NULL
"1081","54","Palecek","112","1926-12-19",NULL
"1082","23","Snizek.","116","1945-07-20",NULL
"1083","56","Dina","20","1983-08-03",NULL
"1084","50","Tutanchamon","20","1944-02-29",NULL
"1085","34","Maud","42","2010-10-07",NULL
"1086","86","Casey","10","1958-04-10",NULL
"1087","98","Kolomanm","93","1995-09-04",NULL
"1088","37","Kaliala","36","1918-07-11",NULL
"1089","97","Maxim","12","1994-02-25",NULL
"1090","27","Burt","108","1978-02-18",NULL
"1091","20","Buchta","71","1923-01-18",NULL
"1092","83","Raduza","11","1943-06-13",NULL
"1093","40","Didinka","49","1936-12-01",NULL
"1094","28","Judy","91","1942-12-31",NULL
"1095","85","Terezka","126","1940-12-21",NULL
"1096","15","Andulka","126","1990-08-18",NULL
"1097","101","Risa","54","1993-02-10",NULL
"1098","32","Arcus","60","1982-07-01",NULL
"1099","20","Rambo","8","1969-11-21",NULL
"1100","19","Deisy","131","1964-09-10",NULL
"1101","102","Kukiska","13","1976-07-20",NULL
"1102","48","Masa","101","1951-06-27",NULL
"1103","47","Tapinka","67","1916-07-12",NULL
"1104","24","Ladynka","109","1942-11-21",NULL
"1105","53","Vrtulka","52","1975-07-31",NULL
"1106","56","Dinuska","42","1912-02-13",NULL
"1107","48","Romie","111","1948-06-21",NULL
"1108","75","Xindik","78","1994-11-01",NULL
"1109","103","Eimi","63","1943-09-24",NULL
"1110","15","Figo","109","1970-09-28",NULL
"1111","99","Muriska","123","1959-04-29",NULL
"1112","79","Bobrinka","74","1973-02-24",NULL
"1113","74","Babycrab","144","2002-08-14",NULL
"1114","86","Zuzi","65","2008-07-13",NULL
"1115","90","Mala","63","1945-08-08",NULL
"1116","17","Hery","87","1991-01-12",NULL
"1117","28","Matilda","97","1955-03-22",NULL
"1118","38","Jahoda","2","1943-10-14",NULL
"1119","65","Sebalda","71","1989-12-05",NULL
"1120","14","Bara","103","2007-03-06",NULL
"1121","33","Athena","122","1954-12-27",NULL
"1122","27","Ponozka","73","1916-02-02",NULL
"1123","80","Naty","1","1978-02-02",NULL
"1124","1","Milinka","52","1979-01-23",NULL
"1125","13","FREDY","106","2001-11-14",NULL
"1126","18","Placka","115","1987-01-28",NULL
"1127","46","Eowyn","103","1940-06-29",NULL
"1128","51","Putifar","48","1977-11-04",NULL
"1129","14","Rotty","65","1982-08-20",NULL
"1130","28","Blesk","137","1968-06-17",NULL
"1131","55","Norina","81","2005-01-21",NULL
"1132","46","Majla","121","1986-11-25",NULL
"1133","81","Barca","149","1956-01-25",NULL
"1134","50","Lucik","125","1934-05-24",NULL
"1135","21","Minnie","100","1940-06-06",NULL
"1136","98","Frankie","16","1961-09-21",NULL
"1137","70","Chucky","30","2002-02-25",NULL
"1138","93","Andy","143","1940-07-25",NULL
"1139","79","Fifi","143","2006-11-19",NULL
"1140","75","Strevo","95","1953-10-09",NULL
"1141","36","Fanta","127","2010-10-25",NULL
"1142","92","Alojza","143","2007-09-25",NULL
"1143","80","Matisek","24","1969-01-09",NULL
"1144","50","Wolf","47","1932-08-03",NULL
"1145","97","Jiras","29","1996-07-30",NULL
"1146","86","Taci","9","1995-12-28",NULL
"1147","90","Jingles","85","1957-02-18",NULL
"1148","95","Camelie","74","1982-04-11",NULL
"1149","54","Tunta","89","1954-11-18",NULL
"1150","36","Muficek","69","1990-04-02",NULL
"1151","40","Oira","148","1975-07-06",NULL
"1152","43","Cmoudik","142","1969-07-17",NULL
"1153","26","Sanynka","100","1936-01-06",NULL
"1154","10","Oren","42","1960-02-16",NULL
"1155","48","Piskvorka","29","2003-04-27",NULL
"1156","11","Bubisek","114","1999-02-06",NULL
"1157","43","Zulejka","16","1952-06-16",NULL
"1158","24","Bluebelle","89","1949-07-27",NULL
"1159","16","Ketty","7","1979-03-25",NULL
"1160","96","Milda","24","1988-05-08",NULL
"1161","15","Mikina","20","1914-11-10",NULL
"1162","46","Citrina","18","1971-10-15",NULL
"1163","56","Jennifer","17","1955-05-03",NULL
"1164","63","Akina","46","1997-12-25",NULL
"1165","32","Armigo","43","1912-11-14",NULL
"1166","21","Una","21","1958-12-15",NULL
"1167","16","Mayki","22","1919-01-15",NULL
"1168","50","Cicinka","12","1980-12-11",NULL
"1169","49","Cecilka","54","1984-06-22",NULL
"1170","24","Marena","16","1946-06-17",NULL
"1171","45","Mercy","120","1963-06-16",NULL
"1172","81","Owen Wilson","126","1992-09-23",NULL
"1173","4","Truhlik","70","2010-02-02",NULL
"1174","65","Minek","9","1987-02-28",NULL
"1175","43","Lolinek","47","1968-04-12",NULL
"1176","81","Mikeska","123","1994-09-06",NULL
"1177","4","Frenkie","67","1931-06-13",NULL
"1178","16","Earwen","37","2009-09-21",NULL
"1179","15","Vrestilka","67","1995-04-27",NULL
"1180","67","Goodinka","4","1936-03-31",NULL
"1181","64","Kajusa","150","1957-11-23",NULL
"1182","63","Irma","92","1969-07-20",NULL
"1183","44","Heny","55","1962-11-22",NULL
"1184","84","Kejchanek","58","1994-07-27",NULL
"1185","95","Kminek","117","1947-01-18",NULL
"1186","29","Ejmiii","118","1914-03-18",NULL
"1187","46","Sheila","88","1992-07-06",NULL
"1188","92","Jituska","92","1982-11-19",NULL
"1189","92","Certice","131","1999-08-19",NULL
"1190","63","Cmoura","18","1912-05-22",NULL
"1191","91","Zorka","1","1977-08-10",NULL
"1192","96","Ginny","58","1913-10-27",NULL
"1193","14","Madona","89","1924-11-25",NULL
"1194","71","Pallas Athena","56","1971-10-20",NULL
"1195","84","Besinka","29","1947-03-09",NULL
"1196","70","Muffy","144","1983-03-14",NULL
"1197","63","Luisana","117","1963-05-01",NULL
"1198","86","Owen-wilson","20","1929-10-19",NULL
"1199","77","Sesi","144","1973-09-13",NULL
"1200","26","Bee-Bee","47","1989-11-27",NULL
"1201","20","Bobika","85","1943-04-30",NULL
"1202","91","Maja","145","2009-07-10",NULL
"1203","73","Ange","5","1980-08-02",NULL
"1204","27","Dulca","53","2011-01-10",NULL
"1205","18","Zlatenka","85","1980-05-11",NULL
"1206","55","Elinka","114","2005-05-22",NULL
"1207","72","Angie","94","1974-10-04",NULL
"1208","19","Talissa","6","1920-05-12",NULL
"1209","12","Rezi","106","1966-02-28",NULL
"1210","78","Minda","86","1984-08-14",NULL
"1211","13","Tapik","28","1935-05-28",NULL
"1212","71","Orianna","129","1911-11-06",NULL
"1213","57","Piper","18","1915-09-15",NULL
"1214","32","Jacquellina","150","2005-08-27",NULL
"1215","104","Goldie","101","1996-03-14",NULL
"1216","53","Nycinka","52","2000-10-11",NULL
"1217","50","Toxina","103","1978-02-06",NULL
"1218","30","Andromeda","88","1976-12-01",NULL
"1219","53","Kiki","93","1965-02-16",NULL
"1220","49","Casanova","102","1983-08-22",NULL
"1221","93","Romicka","66","1985-08-18",NULL
"1222","92","Katty","146","1914-01-13",NULL
"1223","31","Kikuska","96","1975-10-29",NULL
"1224","4","Fanny","126","1977-12-31",NULL
"1225","2","Minda","14","1999-04-05",NULL
"1226","33","Dorotek","18","2003-03-14",NULL
"1227","13","Darsina","113","1929-01-08",NULL
"1228","91","Alana","47","1998-01-17",NULL
"1229","50","Denis","49","1944-03-20",NULL
"1230","74","Barunka","52","1989-07-22",NULL
"1231","5","Buffy","57","1930-02-03",NULL
"1232","53","Bledulka","126","1992-04-28",NULL
"1233","99","Sharon","57","1912-05-20",NULL
"1234","24","Befy","99","1947-06-29",NULL
"1235","55","Dartananka","42","1963-02-11",NULL
"1236","10","Nunicek","113","2009-10-31",NULL
"1237","16","Casandda","93","1948-10-11",NULL
"1238","85","Lotynka","59","1950-12-29",NULL
"1239","85","Molina","134","1997-05-23",NULL
"1240","102","Carka","102","1974-12-14",NULL
"1241","35","Cyril","42","1919-04-27",NULL
"1242","65","Maca","37","1960-05-11",NULL
"1243","98","Dasa","29","1958-09-26",NULL
"1244","20","Minonka","76","1997-04-04",NULL
"1245","5","Ambra","124","1977-01-24",NULL
"1246","66","Nitka","148","1930-04-18",NULL
"1247","102","Xao","19","2008-11-23",NULL
"1248","41","Erin","97","1968-08-19",NULL
"1249","27","Vrnislav","63","2005-02-27",NULL
"1250","37","Lassie","36","1930-10-04",NULL
"1251","91","Nilo","108","1952-12-10",NULL
"1252","15","Barca","38","1961-04-07",NULL
"1253","35","Yennefer","131","1936-04-26",NULL
"1254","17","Favrola","64","1986-06-25",NULL
"1255","57","Blueberry","70","1934-04-24",NULL
"1256","11","Vivien","96","1952-10-25",NULL
"1257","98","Andulka","134","1971-11-17",NULL
"1258","34","Mailo","37","1963-10-04",NULL
"1259","89","Cindy","35","1991-11-25",NULL
"1260","54","Dorotka","78","2009-02-19",NULL
"1261","81","Zazinka","15","1980-10-13",NULL
"1262","48","Myspulka","101","1965-04-05",NULL
"1263","82","Arka","115","1998-09-18",NULL
"1264","52","Tatranka","148","1960-09-02",NULL
"1265","32","Anise","61","1969-11-22",NULL
"1266","27","Kumar","30","1956-04-09",NULL
"1267","75","Liza","59","1982-05-02",NULL
"1268","38","Olin","20","2009-10-12",NULL
"1269","68","Desi","62","1912-10-04",NULL
"1270","20","Pepina","57","1949-01-07",NULL
"1271","45","Didinka","2","1969-08-17",NULL
"1272","87","Katja","14","1937-11-19",NULL
"1273","65","Oliver","58","1969-03-23",NULL
"1274","47","Tegina","137","1921-05-11",NULL
"1275","80","Fabio","127","1961-09-22",NULL
"1276","80","Bobek","82","1981-05-11",NULL
"1277","88","Macko-lacko","105","1936-07-09",NULL
"1278","16","Naomi","107","2001-02-20",NULL
"1279","40","Issa","31","1959-01-31",NULL
"1280","30","Graicy","149","1928-08-30",NULL
"1281","40","Josefinka","50","2006-10-08",NULL
"1282","41","Babateno","35","1984-10-18",NULL
"1283","81","Bubinka","100","1966-06-04",NULL
"1284","52","Fei","11","1940-06-24",NULL
"1285","96","Ciki","141","1939-10-15",NULL
"1286","34","Ferdik,Ferdinka","39","1918-05-06",NULL
"1287","87","Lui","26","1961-01-15",NULL
"1288","52","Cikina","60","1960-12-18",NULL
"1289","6","Dolnes","116","2010-06-15",NULL
"1290","88","Majda","121","2010-05-12",NULL
"1291","75","Antonia","102","1983-04-04",NULL
"1292","57","Anda","0","1995-11-07",NULL
"1293","90","Pepsi","97","1996-05-27",NULL
"1294","88","Nokia","105","2005-03-10",NULL
"1295","20","Aranka","36","1999-07-20",NULL
"1296","31","Keiko","38","1997-01-06",NULL
"1297","9","Sophia","131","1923-03-28",NULL
"1298","62","Briketa","42","1987-09-06",NULL
"1299","29","Modro Ocka","100","2009-08-30",NULL
"1300","61","Yakuza","43","1948-02-28",NULL
"1301","30","Cika","39","1974-06-02",NULL
"1302","100","Bimbo","116","1964-05-30",NULL
"1303","73","Adamek","93","1987-07-24",NULL
"1304","71","Virdzina","25","1985-06-23",NULL
"1305","80","Macourek","30","1975-06-06",NULL
"1306","33","Rolnicka","22","1983-06-19",NULL
"1307","76","Dida","93","1953-11-05",NULL
"1308","92","Happy","8","2007-07-09",NULL
"1309","101","Muf","14","1965-01-07",NULL
"1310","81","Trubka","20","1917-04-21",NULL
"1311","93","Felix","23","2001-12-24",NULL
"1312","26","Dolly","117","1999-01-16",NULL
"1313","53","Lola","34","1978-02-02",NULL
"1314","14","Kessy","5","1982-01-30",NULL
"1315","37","Cassidy","2","1938-12-13",NULL
"1316","70","Sheba","65","1959-02-02",NULL
"1317","35","Mirinka","106","1993-06-08",NULL
"1318","69","Alojzie","66","1926-10-10",NULL
"1319","88","Schiela","60","1968-03-14",NULL
"1320","65","Galinka","6","1975-08-02",NULL
"1321","6","Princezna","28","1984-01-16",NULL
"1322","27","Indi","130","1956-04-08",NULL
"1323","52","Cedrik","28","1917-12-23",NULL
"1324","97","Ketynka","138","2009-09-12",NULL
"1325","53","Julinka","148","2009-08-07",NULL
"1326","66","Semiramis","110","2007-09-23",NULL
"1327","1","Pucik","2","1998-08-27",NULL
"1328","100","Citronek","38","1958-12-01",NULL
"1329","54","Greis","39","1987-04-21",NULL
"1330","79","Ondy","59","1970-07-26",NULL
"1331","56","Stellinka","141","1979-09-02",NULL
"1332","79","Julie","34","2001-06-28",NULL
"1333","55","Snapy","116","1983-05-03",NULL
"1334","38","Anyzka","58","1996-11-07",NULL
"1335","67","Tass","98","2001-03-08",NULL
"1336","4","Chicco","31","1926-02-25",NULL
"1337","77","Tommy","54","1989-10-01",NULL
"1338","84","Patricie","67","1911-05-05",NULL
"1339","3","Mici","122","1949-12-29",NULL
"1340","95","Ruby","63","1978-10-05",NULL
"1341","55","Alfred","87","1980-08-16",NULL
"1342","100","Timura","82","1981-09-06",NULL
"1343","20","Mica","57","2003-04-08",NULL
"1344","61","Cima","63","1934-03-03",NULL
"1345","28","Masa","2","1975-09-05",NULL
"1346","85","Ela","47","1990-10-11",NULL
"1347","75","Paul","104","1937-08-24",NULL
"1348","28","Darli","130","2004-07-07",NULL
"1349","42","Cicmunda","141","1972-08-02",NULL
"1350","33","MiciBusi","124","1986-01-22",NULL
"1351","103","Cucoriedka","34","1979-06-17",NULL
"1352","62","Drap","12","1949-11-02",NULL
"1353","39","Quilla","16","1947-06-26",NULL
"1354","84","Seylem","26","1928-09-30",NULL
"1355","45","Angara","69","1989-12-21",NULL
"1356","15","Spooty","74","1974-06-24",NULL
"1357","38","Elis","84","1943-04-29",NULL
"1358","9","Marion","131","1981-11-16",NULL
"1359","16","Bubicek","142","1990-03-12",NULL
"1360","3","Debra","4","1920-03-28",NULL
"1361","19","Shakira","103","1967-02-24",NULL
"1362","30","Bamboocha","1","1916-01-02",NULL
"1363","48","Quin","110","1989-02-03",NULL
"1364","10","Puzlik","97","1938-07-05",NULL
"1365","23","Nitka","22","1987-11-14",NULL
"1366","75","Esterka","51","1938-10-14",NULL
"1367","38","Yka","133","1966-12-02",NULL
"1368","9","Pitipacka","106","1955-01-15",NULL
"1369","103","Cobra","134","1963-03-15",NULL
"1370","37","Puppy","30","1965-09-20",NULL
"1371","30","Belina","76","1927-10-27",NULL
"1372","75","Zrzicka","49","2004-07-17",NULL
"1373","67","Bart","40","1954-04-19",NULL
"1374","24","Krystynka","123","1946-07-18",NULL
"1375","1","Eli-liu","69","1954-06-24",NULL
"1376","16","Bandaska","141","1973-08-07",NULL
"1377","86","Blondyna","117","1993-05-22",NULL
"1378","101","Cacorka","116","1961-01-18",NULL
"1379","28","Deniska","73","2009-08-27",NULL
"1380","11","Ropusinka","67","1980-02-04",NULL
"1381","41","Merry","119","1986-04-08",NULL
"1382","99","Kristynka","88","1953-11-16",NULL
"1383","61","Ikulenous","2","1921-03-26",NULL
"1384","81","Madison","135","1985-03-29",NULL
"1385","19","Amy","130","1973-05-16",NULL
"1386","97","Mindˇak","108","1951-12-24",NULL
"1387","94","Aurilka","123","1928-07-12",NULL
"1388","48","Noemi","148","1923-05-17",NULL
"1389","77","Rosemary","69","1993-12-18",NULL
"1390","99","Amneris","79","1988-08-26",NULL
"1391","59","Puffinka","48","1976-03-15",NULL
"1392","52","Milicka","105","2003-10-24",NULL
"1393","65","Beky","74","1953-04-30",NULL
"1394","61","Sinda","91","1917-11-22",NULL
"1395","30","Antis","20","1992-02-02",NULL
"1396","18","Vasa","129","1969-09-15",NULL
"1397","43","Citasek","102","2008-12-08",NULL
"1398","64","Venca","143","2002-07-23",NULL
"1399","82","Vanda","19","1948-10-16",NULL
"1400","94","Kirke","83","1946-11-14",NULL
"1401","26","Hurvinek","143","1976-09-24",NULL
"1402","64","Sisinka","8","1983-12-16",NULL
"1403","10","PimPin","12","2000-04-27",NULL
"1404","78","Wila","83","1912-08-13",NULL
"1405","23","Britney","58","1976-09-06",NULL
"1406","63","Felin","117","2008-06-12",NULL
"1407","21","Peggi","90","2001-01-26",NULL
"1408","98","Albina","0","1968-11-04",NULL
"1409","27","Snehulka","8","1951-08-30",NULL
"1410","16","Acarek","12","1992-07-21",NULL
"1411","32","Ketua","149","1970-08-29",NULL
"1412","2","Lukas","105","1938-05-22",NULL
"1413","45","Bessie","80","1994-08-28",NULL
"1414","30","Anicka","65","1968-12-24",NULL
"1415","9","Archiebald","23","2001-09-15",NULL
"1416","15","Bitch","53","1964-06-21",NULL
"1417","28","Cicman","62","1979-12-01",NULL
"1418","75","Pinkie","7","1994-12-29",NULL
"1419","13","Irmik","149","1972-01-07",NULL
"1420","32","Sendy","86","1963-11-10",NULL
"1421","76","Betynka","62","1918-01-28",NULL
"1422","52","Ruslan","88","1961-05-31",NULL
"1423","76","Mona","75","1967-09-28",NULL
"1424","80","Will","54","1965-03-10",NULL
"1425","8","Kulicka","8","1985-06-19",NULL
"1426","19","Koule","141","1994-07-30",NULL
"1427","26","Adrianna","76","1931-05-22",NULL
"1428","62","Ruslana","36","2009-09-29",NULL
"1429","69","Adelka","51","1995-08-07",NULL
"1430","50","Daminka","25","1937-08-03",NULL
"1431","77","Viktorka","70","1963-10-02",NULL
"1432","57","Dafne","1","1994-10-24",NULL
"1433","19","Amy","21","1997-09-18",NULL
"1434","51","House","70","1914-12-05",NULL
"1435","6","Ebbie","109","1944-01-12",NULL
"1436","67","Misel","111","1990-03-19",NULL
"1437","88","Mimi","85","1933-12-08",NULL
"1438","54","Enriko","92","2009-07-24",NULL
"1439","84","Lara","136","1987-01-20",NULL
"1440","93","Vilous","134","1995-05-01",NULL
"1441","37","Haskyna","124","1978-04-23",NULL
"1442","56","Inka","75","1942-04-14",NULL
"1443","69","Valerie","9","1913-02-27",NULL
"1444","83","Eliska","29","1979-08-26",NULL
"1445","79","Misa","44","1969-08-20",NULL
"1446","94","Dinuska","121","1950-01-26",NULL
"1447","74","Olinka","73","1930-03-13",NULL
"1448","76","Ziggi","121","1937-06-09",NULL
"1449","36","Blackie","22","1959-05-10",NULL
"1450","70","Rozinka","127","1999-04-15",NULL
"1451","3","Keissy","5","1933-05-01",NULL
"1452","33","Rica","8","1979-05-01",NULL
"1453","88","Sonak","139","1937-08-16",NULL
"1454","18","Martin","107","1986-09-27",NULL
"1455","38","Jolomb","120","1957-09-08",NULL
"1456","103","Cookie","112","1968-12-31",NULL
"1457","36","Slavka","129","2008-09-03",NULL
"1458","67","Kaleb","30","1977-05-09",NULL
"1459","43","Ofelie","55","1997-05-31",NULL
"1460","92","Vendy","139","1943-11-23",NULL
"1461","50","Mazel","40","1989-11-01",NULL
"1462","58","Mikrous","1","1954-05-14",NULL
"1463","62","Ginks","8","1943-02-05",NULL
"1464","52","Kimi","131","1989-01-20",NULL
"1465","39","Azinka","19","2004-11-17",NULL
"1466","37","Abi","65","1946-02-14",NULL
"1467","65","Nimitz","103","1978-08-02",NULL
"1468","24","Cikita","114","1991-05-12",NULL
"1469","52","Quentin","113","1935-12-11",NULL
"1470","83","Babulka","54","1968-04-01",NULL
"1471","23","Elizabeth","39","1970-03-23",NULL
"1472","72","Frnous","139","1961-03-15",NULL
"1473","16","Tutinka","66","2005-12-30",NULL
"1474","14","Benson","103","1913-06-09",NULL
"1475","96","Gombar","96","1911-09-28",NULL
"1476","17","Bibi","125","1955-01-22",NULL
"1477","19","Xena","123","1928-12-18",NULL
"1478","7","Ismet","88","1942-04-25",NULL
"1479","76","Havel","87","1987-06-06",NULL
"1480","74","Sobik","9","1951-03-09",NULL
"1481","51","Gucky","101","1930-04-19",NULL
"1482","94","Majjak","16","1960-08-10",NULL
"1483","33","Kirara","11","2000-12-24",NULL
"1484","30","Karamela","8","1959-12-14",NULL
"1485","10","Rachel","7","1937-08-02",NULL
"1486","10","Sachmet","57","1944-09-27",NULL
"1487","78","Hermiona","38","1973-09-07",NULL
"1488","97","Myspule","85","1975-02-13",NULL
"1489","4","Cloe","54","1965-04-05",NULL
"1490","85","Rybana","85","1963-09-13",NULL
"1491","24","Fidorka","96","1985-06-15",NULL
"1492","39","Cumacek","98","1998-12-27",NULL
"1493","41","Justin","78","1953-06-25",NULL
"1494","45","Madona","97","1933-02-12",NULL
"1495","21","Grater","119","1967-10-27",NULL
"1496","71","Princess","97","1928-08-23",NULL
"1497","52","Cokolada","136","2002-05-12",NULL
"1498","35","Bink","113","1988-10-29",NULL
"1499","12","Matylda","11","1999-10-21",NULL
"1500","24","Katerina","116","1995-05-09",NULL
"1501","79","Cookie","3","1992-03-05",NULL
"1502","102","Sabinka","56","1911-08-19",NULL
"1503","31","Ema","120","1944-03-02",NULL
"1504","57","Viki","78","2000-10-09",NULL
"1505","44","Mnauda","128","1986-05-01",NULL
"1506","8","Tequill","148","1966-01-29",NULL
"1507","20","Susenka","113","1986-02-26",NULL
"1508","78","Nufinka","13","1995-05-13",NULL
"1509","66","Bianka","118","1955-02-26",NULL
"1510","21","Zofi","57","1978-05-14",NULL
"1511","77","Palantir","102","1915-04-07",NULL
"1512","60","Liam","8","1977-09-30",NULL
"1513","4","Majduska","72","1983-12-05",NULL
"1514","53","LAURA","10","1949-03-16",NULL
"1515","42","Maylo","112","2004-10-30",NULL
"1516","55","Amfiteatra","24","1991-07-04",NULL
"1517","37","Lea","129","1957-11-16",NULL
"1518","84","Albertina","132","2003-07-18",NULL
"1519","37","Sisina","52","1954-12-16",NULL
"1520","15","Speedy","118","2004-11-09",NULL
"1521","90","Casper","69","1970-04-12",NULL
"1522","95","Otilka","147","1977-08-07",NULL
"1523","75","Brita","76","1939-12-21",NULL
"1524","75","Liliana","130","1977-08-25",NULL
"1525","22","Malicek","69","1983-03-28",NULL
"1526","46","Pamela","14","1972-01-21",NULL
"1527","90","Bryketka","91","1947-04-21",NULL
"1528","60","Jindriska","32","1957-01-07",NULL
"1529","28","Lady Lusy","37","1984-01-13",NULL
"1530","84","Garfield","54","1964-01-03",NULL
"1531","30","Adolf","21","1952-07-29",NULL
"1532","47","Marly","140","1911-09-16",NULL
"1533","8","Acus","87","1963-06-02",NULL
"1534","18","Viktorek","49","1996-11-11",NULL
"1535","55","Pitypacka","147","2004-11-10",NULL
"1536","50","Epsilonek","109","1948-08-13",NULL
"1537","84","Leo","99","1991-02-08",NULL
"1538","38","Barny","54","1946-07-19",NULL
"1539","37","Cuhajda","19","2000-02-18",NULL
"1540","46","Snehurka","112","1971-11-19",NULL
"1541","65","Rakosnicek","136","1999-10-16",NULL
"1542","56","Mina","142","1946-03-08",NULL
"1543","46","Neonka","58","1994-02-25",NULL
"1544","78","Macicak","140","1969-01-30",NULL
"1545","30","Zaneta","108","2003-09-26",NULL
"1546","81","Selina","121","1974-04-25",NULL
"1547","7","Lujzza","95","1923-02-07",NULL
"1548","83","Ivosenka","24","1981-03-12",NULL
"1549","103","Figaro","112","1951-08-19",NULL
"1550","49","Edmont","75","1951-03-28",NULL
"1551","83","Kanimura","92","1964-01-15",NULL
"1552","40","Miluna","11","1981-04-28",NULL
"1553","64","Mike","56","2003-04-25",NULL
"1554","81","Angela","55","1987-07-02",NULL
"1555","33","Valeta","90","1938-04-16",NULL
"1556","68","Gezi","119","1965-07-16",NULL
"1557","30","Beckie","82","1927-09-26",NULL
"1558","88","Bohousek","106","2004-08-31",NULL
"1559","24","Trumpetka","0","2003-01-26",NULL
"1560","41","Haskyna","71","1964-03-03",NULL
"1561","10","Efik","23","2000-05-01",NULL
"1562","86","Qiana","84","1998-01-13",NULL
"1563","36","Kimina","118","1978-01-01",NULL
"1564","34","Missy","27","2006-07-27",NULL
"1565","2","Kleo","64","1965-10-26",NULL
"1566","44","Vasil","28","1946-01-23",NULL
"1567","56","Puskin","128","1995-07-11",NULL
"1568","72","Camayinka","39","1928-05-27",NULL
"1569","77","Sasha","14","1944-01-21",NULL
"1570","44","Joui","80","1923-11-25",NULL
"1571","30","Kazi","97","1976-01-04",NULL
"1572","23","Azzalea","131","1919-03-18",NULL
"1573","66","Yenny","132","1982-08-27",NULL
"1574","78","Malvina","10","1970-08-10",NULL
"1575","15","Migalanchelo","1","1941-10-24",NULL
"1576","90","Nesie","73","1912-01-02",NULL
"1577","8","Bena","39","1971-03-09",NULL
"1578","62","Vlasenk","49","1956-10-12",NULL
"1579","14","Blaira","119","2011-02-17",NULL
"1580","37","Heide","135","1948-04-05",NULL
"1581","31","Barbie","43","1996-07-10",NULL
"1582","30","Jull","113","1952-10-23",NULL
"1583","24","Bobisek","43","2011-01-29",NULL
"1584","37","Gesi","85","1959-11-30",NULL
"1585","17","End´i","6","2002-12-05",NULL
"1586","18","Misa-Myska","5","1949-11-12",NULL
"1587","81","Chuvanka","34","1955-03-30",NULL
"1588","99","Jojo","145","1937-05-03",NULL
"1589","19","Nefis","78","1957-08-19",NULL
"1590","70","Evita","99","1943-01-25",NULL
"1591","57","Wolfik","110","1927-01-31",NULL
"1592","36","Briketka","142","1946-12-31",NULL
"1593","28","QinzJeBuzerant","90","1990-06-23",NULL
"1594","46","Koki","149","1952-05-13",NULL
"1595","8","Nata","138","1927-01-23",NULL
"1596","25","Kvetak","130","1940-11-19",NULL
"1597","88","Shiva","28","1985-12-28",NULL
"1598","7","Trupka","16","1948-04-10",NULL
"1599","46","Ciky","93","1920-01-25",NULL
"1600","40","Pytlik","71","1918-03-11",NULL
"1601","51","Tai","75","1993-06-05",NULL
"1602","72","Iminka","71","2001-07-12",NULL
"1603","51","Misu","61","1968-04-10",NULL
"1604","38","Pida","135","1921-06-07",NULL
"1605","3","Fiona","5","1943-01-18",NULL
"1606","5","Uwe","50","1961-08-31",NULL
"1607","9","Lejla","20","1941-12-31",NULL
"1608","103","Gilly","48","1913-10-02",NULL
"1609","49","Sylvka","20","1957-06-20",NULL
"1610","44","Eleonora","11","1956-11-15",NULL
"1611","40","Kapsa","46","2000-09-19",NULL
"1612","76","Cerry","149","1973-12-11",NULL
"1613","90","Honzik","74","2004-03-30",NULL
"1614","61","Revik","75","1988-04-10",NULL
"1615","65","Anellu","144","1991-05-23",NULL
"1616","87","CHechtalek","148","2006-12-15",NULL
"1617","66","Francine","24","1975-07-05",NULL
"1618","9","Kubicek","96","1941-04-29",NULL
"1619","52","Kikiska","129","1920-11-17",NULL
"1620","69","Gabreta","122","1917-01-31",NULL
"1621","36","Milka","47","1985-06-20",NULL
"1622","63","Majda","124","1965-01-15",NULL
"1623","62","Prdelka","44","1983-07-28",NULL
"1624","39","Babetka","112","1985-07-18",NULL
"1625","25","Smouky","49","1913-10-23",NULL
"1626","103","Mercie","134","1974-12-16",NULL
"1627","45","Zajda","143","1974-05-03",NULL
"1628","27","Raraska","11","1983-07-20",NULL
"1629","56","Tesinka","93","2009-07-24",NULL
"1630","76","Serafina","89","1912-02-20",NULL
"1631","5","Kayra","10","1942-06-16",NULL
"1632","3","Gliter","113","1964-09-10",NULL
"1633","34","Nala","114","1932-11-26",NULL
"1634","93","Gabinka","82","1959-02-17",NULL
"1635","33","Chloupek","117","1985-10-04",NULL
"1636","63","Rufus","113","1988-03-14",NULL
"1637","22","Samantha","67","1998-07-27",NULL
"1638","1","Sean","34","1965-01-17",NULL
"1639","92","Zabuza","125","1918-04-12",NULL
"1640","61","Cvinka","114","1984-11-15",NULL
"1641","67","Vilma","5","1984-07-04",NULL
"1642","45","Tallovie","103","2004-08-26",NULL
"1643","51","Kamila","39","2010-08-23",NULL
"1644","59","Xelly","51","1950-01-19",NULL
"1645","45","Carmen","65","2006-12-13",NULL
"1646","61","Gun","144","1947-07-16",NULL
"1647","88","Basula","137","1953-06-11",NULL
"1648","47","Ricci","71","1939-06-09",NULL
"1649","84","Charlotte","40","1947-07-06",NULL
"1650","63","Guji","56","1960-01-31",NULL
"1651","22","Sazicka","15","1946-09-14",NULL
"1652","3","Mnauka","27","1942-01-08",NULL
"1653","13","Miluska","114","2006-08-30",NULL
"1654","18","Leia","31","1996-03-17",NULL
"1655","60","Arya","63","1975-11-22",NULL
"1656","26","No","118","1979-08-03",NULL
"1657","16","Sissi","147","2007-01-01",NULL
"1658","11","Agata","16","1937-03-23",NULL
"1659","25","Paule","118","1975-08-21",NULL
"1660","100","Prnda","3","2007-06-03",NULL
"1661","96","Lucy","94","1921-01-22",NULL
"1662","4","Toffife","19","1997-08-06",NULL
"1663","103","Abigail","25","1987-10-02",NULL
"1664","74","Fixa","60","1960-10-17",NULL
"1665","18","Virginie","134","1929-06-26",NULL
"1666","95","Bibuska","125","2001-08-19",NULL
"1667","39","Kulihrasek","16","1982-08-29",NULL
"1668","17","Brina","0","1971-02-21",NULL
"1669","28","Zelva","126","1970-06-21",NULL
"1670","46","Kristufek","108","2001-09-03",NULL
"1671","30","Axel","122","1959-11-06",NULL
"1672","24","Mikesek","1","1934-12-25",NULL
"1673","76","Lotka","133","1932-01-16",NULL
"1674","34","Michalka","90","1918-01-01",NULL
"1675","19","Zofre","57","2008-08-01",NULL
"1676","3","Adi","21","1925-12-02",NULL
"1677","52","Pistacie","124","1966-05-21",NULL
"1678","36","Macan","87","1995-01-28",NULL
"1679","52","Barynek","44","1987-01-09",NULL
"1680","65","Badynald","90","1964-09-19",NULL
"1681","97","Emicka","102","1973-03-06",NULL
"1682","1","Pandak","10","1938-08-29",NULL
"1683","8","Bobo","76","1958-05-06",NULL
"1684","39","Aida","67","1990-07-30",NULL
"1685","77","Zoudinka","43","1914-09-21",NULL
"1686","61","Ivuska","6","1916-07-02",NULL
"1687","56","Andelka","11","1927-02-08",NULL
"1688","60","Milagros","128","1922-10-02",NULL
"1689","56","Luna","145","1947-03-20",NULL
"1690","84","Rostak","90","2004-07-20",NULL
"1691","26","Medousek","80","1922-03-01",NULL
"1692","85","Zaklinka","78","1959-09-13",NULL
"1693","57","Cherillyn","133","1994-10-29",NULL
"1694","69","Gejsa","83","1931-11-27",NULL
"1695","54","Cica","117","1989-09-01",NULL
"1696","39","Fatima","26","1967-08-07",NULL
"1697","24","Aninka","39","2005-08-26",NULL
"1698","7","Cifla","25","1914-06-06",NULL
"1699","75","Kazimir","79","1943-09-27",NULL
"1700","81","Esk","80","1938-03-20",NULL
"1701","146","Ameli","0","1970-07-11",NULL
"1702","88","Bimbuchteno","55","2004-11-24",NULL
"1703","13","Micina","85","1923-10-11",NULL
"1704","76","Cimka","71","1918-10-24",NULL
"1705","103","Josefina","126","1911-06-28",NULL
"1706","95","Tˇamana","17","1937-09-05",NULL
"1707","66","Fida","72","1942-09-29",NULL
"1708","78","Onik","104","1937-06-03",NULL
"1709","53","Bonicek","142","1995-07-18",NULL
"1710","63","Yurasheck","49","1932-07-04",NULL
"1711","93","Arthur","37","1938-07-07",NULL
"1712","37","Rony","94","1983-10-24",NULL
"1713","27","Nikol","106","1966-05-23",NULL
"1714","76","Luna","93","1943-04-08",NULL
"1715","87","Cira","73","1931-12-03",NULL
"1716","103","Zanda","139","1966-06-24",NULL
"1717","29","Xsara","123","1925-07-07",NULL
"1718","26","Shely","21","1990-09-30",NULL
"1719","9","Adous","1","1940-02-24",NULL
"1720","84","Felice","131","1965-02-03",NULL
"1721","15","Skritek","43","1919-12-03",NULL
"1722","31","Cvanca","34","1966-12-08",NULL
"1723","53","Diddlinka","149","1911-10-15",NULL
"1724","63","Priscilka","6","1972-10-04",NULL
"1725","81","Diesel","148","1943-05-28",NULL
"1726","13","Murinka","108","1935-05-30",NULL
"1727","77","Tina","29","2009-07-04",NULL
"1728","38","Xio","70","1956-05-05",NULL
"1729","41","Suri","40","1963-10-15",NULL
"1730","86","Hektor","64","1964-09-29",NULL
"1731","12","Popelka","64","1969-02-05",NULL
"1732","92","Bleska","83","1914-01-24",NULL
"1733","96","Smily","121","1951-08-28",NULL
"1734","78","Dijka","85","1952-11-17",NULL
"1735","8","Zizina","150","1998-03-10",NULL
"1736","47","Kuba","28","1973-04-11",NULL
"1737","48","Veronika,Verca","111","2008-06-29",NULL
"1738","75","Tamaira","129","1911-08-04",NULL
"1739","20","Dildo","93","1921-01-08",NULL
"1740","78","Justynka","77","2007-01-05",NULL
"1741","99","Katulka","44","1987-01-11",NULL
"1742","45","Pindruse","131","1950-11-05",NULL
"1743","83","Felinae","109","1929-10-23",NULL
"1744","46","Nany","134","1937-04-16",NULL
"1745","9","Tician","150","1933-10-03",NULL
"1746","53","Sigi","3","1971-09-05",NULL
"1747","32","Kaku","113","1919-12-30",NULL
"1748","51","Zula","0","1947-07-20",NULL
"1749","83","Chaoska","31","1914-07-28",NULL
"1750","71","Edousek","34","1918-11-21",NULL
"1751","96","Fobos","25","1913-06-25",NULL
"1752","82","Cicak","127","1925-07-03",NULL
"1753","18","Romi","98","1923-10-21",NULL
"1754","79","Sweety","147","1957-04-12",NULL
"1755","98","Milacek","38","1977-10-18",NULL
"1756","83","Cecil","91","1953-12-13",NULL
"1757","30","Qado","98","1925-02-10",NULL
"1758","91","Belous","53","1978-05-28",NULL
"1759","26","Adelka","133","1927-07-23",NULL
"1760","53","Bonifac","111","1943-04-09",NULL
"1761","55","Noriska","3","1944-05-28",NULL
"1762","50","Kometa","128","1954-12-20",NULL
"1763","14","Daidalos","87","2004-05-13",NULL
"1764","59","Bonnetti","145","1945-11-17",NULL
"1765","8","Talitha","49","1952-11-24",NULL
"1766","50","Fifik","41","1941-09-07",NULL
"1767","101","Tim","91","1960-05-24",NULL
"1768","67","Ajsa","114","1943-11-01",NULL
"1769","1","Julie","7","1922-08-21",NULL
"1770","98","Alfons","128","1922-06-16",NULL
"1771","61","Jepi","40","1981-01-16",NULL
"1772","86","Sally","141","1926-10-23",NULL
"1773","3","Mazlik","19","1979-07-14",NULL
"1774","61","Mellichar","96","1932-03-16",NULL
"1775","13","Guru","7","1959-01-13",NULL
"1776","89","Yamira","108","1935-05-10",NULL
"1777","32","Mau-Mau","142","1988-05-11",NULL
"1778","71","Moncicak","68","1924-09-08",NULL
"1779","3","Agata","13","1946-12-25",NULL
"1780","14","Ejka","136","1949-09-01",NULL
"1781","56","Cailey","71","1996-02-26",NULL
"1782","37","Balik","93","1994-08-26",NULL
"1783","10","Arley","1","1973-08-11",NULL
"1784","25","Fin","85","1994-10-04",NULL
"1785","48","Solange","29","1919-12-11",NULL
"1786","39","Tatiana","45","1925-12-20",NULL
"1787","37","Max","87","1984-10-12",NULL
"1788","97","Zlatonka","43","2008-11-17",NULL
"1789","29","Doncicak","29","1978-12-11",NULL
"1790","74","Frantik","71","1930-10-30",NULL
"1791","73","Ciko","42","2005-12-06",NULL
"1792","103","Paris,Parid","84","1952-03-18",NULL
"1793","54","Bethoven","50","2005-11-12",NULL
"1794","3","Sesyl","41","1987-08-29",NULL
"1795","66","Marianek","31","1957-06-10",NULL
"1796","8","Jiska","123","1938-12-28",NULL
"1797","57","Betyna","46","1959-04-20",NULL
"1798","90","Lojzik","28","1968-05-08",NULL
"1799","6","Cap","74","2000-08-02",NULL
"1800","33","Aneza","99","1960-10-06",NULL
"1801","91","Jo","39","1942-11-01",NULL
"1802","87","Hagrid","65","1968-07-19",NULL
"1803","26","Tulinka","117","2003-01-22",NULL
"1804","34","Tulisek","142","1946-07-09",NULL
"1805","45","Robi","150","1964-02-19",NULL
"1806","41","Offelie","7","1991-11-03",NULL
"1807","22","Moninka","5","1929-09-05",NULL
"1808","81","Charlos/Kaja/","34","1987-06-30",NULL
"1809","54","Cita","113","1963-05-31",NULL
"1810","80","Cirte","55","1991-03-30",NULL
"1811","79","Cicka","112","1954-11-13",NULL
"1812","18","Abadon","87","1963-04-13",NULL
"1813","54","Tapa","9","1940-08-18",NULL
"1814","101","Mucinka","145","1923-12-21",NULL
"1815","46","Osmalda","7","1938-09-26",NULL
"1816","43","Sabina","70","1958-07-01",NULL
"1817","23","Miska","136","1991-02-12",NULL
"1818","49","Sedrik","31","1994-12-28",NULL
"1819","58","Anakunda","58","1912-05-25",NULL
"1820","37","Kotouch","63","1939-07-25",NULL
"1821","12","Albi","82","1975-06-12",NULL
"1822","16","Zenevie","35","1973-06-11",NULL
"1823","28","Pan Fousek","97","1951-08-10",NULL
"1824","48","Nasta","0","1974-05-14",NULL
"1825","43","Sali","148","1983-12-07",NULL
"1826","88","Kleopatra","123","2007-04-15",NULL
"1827","9","Lucinka","10","1947-07-10",NULL
"1828","70","Zizka","136","1956-06-14",NULL
"1829","81","Barca","97","1950-06-02",NULL
"1830","40","Muffle","82","1945-06-26",NULL
"1831","89","Tamarinek","42","1938-11-30",NULL
"1832","3","Tigis","98","1994-10-15",NULL
"1833","69","Acana","45","1924-04-01",NULL
"1834","41","Maja","21","1999-06-04",NULL
"1835","81","Trinity-Tita","29","1987-04-28",NULL
"1836","89","Sheaned","133","1953-03-02",NULL
"1837","8","Forde","80","1992-07-24",NULL
"1838","44","Kryspin","57","1914-03-02",NULL
"1839","1","Aliget","9","2007-09-15",NULL
"1840","74","Silk","145","1985-01-19",NULL
"1841","34","Danny","1","1938-11-18",NULL
"1842","22","Forman","37","1975-11-06",NULL
"1843","50","Jasminka","5","1977-07-02",NULL
"1844","82","Sesinka","73","1948-10-11",NULL
"1845","31","Jan","5","1922-01-20",NULL
"1846","66","Regina","63","2004-08-19",NULL
"1847","80","Nancy","58","1993-12-12",NULL
"1848","55","Filda","146","1918-08-26",NULL
"1849","41","Aurelie","134","1973-12-14",NULL
"1850","34","Toy","86","1954-10-15",NULL
"1851","35","Estrella","115","1988-09-29",NULL
"1852","57","Blejzee","60","1968-04-05",NULL
"1853","32","Undatra","38","1937-10-24",NULL
"1854","70","Luissa","84","1998-12-25",NULL
"1855","89","Snehova vlocka","50","1992-05-02",NULL
"1856","97","Hi Lenny","149","2005-07-26",NULL
"1857","79","Derinka","65","1965-09-25",NULL
"1858","11","Knoflicek","28","1996-07-20",NULL
"1859","11","Chicco","21","2000-06-13",NULL
"1860","69","Quennell","36","2001-06-05",NULL
"1861","9","Kytabus","103","1942-08-01",NULL
"1862","85","Anko","140","1997-04-03",NULL
"1863","21","Nikita","108","1995-05-27",NULL
"1864","71","Marketa","61","1952-02-28",NULL
"1865","62","Kiku","121","1959-03-03",NULL
"1866","66","Taina","83","1954-03-15",NULL
"1867","33","Mandy","117","2004-02-27",NULL
"1868","44","Kolli","46","1925-03-29",NULL
"1869","60","Karolinka","62","1976-04-11",NULL
"1870","38","Zoe","148","1968-07-15",NULL
"1871","66","Monika","63","1976-08-10",NULL
"1872","101","Diesel","33","1992-04-07",NULL
"1873","104","Dilinka","15","1946-05-25",NULL
"1874","12","Lani","133","1939-10-09",NULL
"1875","30","Nikos","99","1948-06-01",NULL
"1876","98","Cumicka","31","1937-08-10",NULL
"1877","54","Stodolka","149","1931-07-18",NULL
"1878","42","Bobule","7","1981-07-24",NULL
"1879","27","Gucci","39","2002-01-23",NULL
"1880","77","Kety","131","1954-07-09",NULL
"1881","57","Ksyny","27","1929-02-04",NULL
"1882","12","Rima","110","1944-08-03",NULL
"1883","94","Mia","25","1998-05-29",NULL
"1884","59","Andelicka","23","1999-04-01",NULL
"1885","8","Muro","11","1963-10-29",NULL
"1886","2","Mrnus","119","1932-01-17",NULL
"1887","50","Edynka","17","2009-06-16",NULL
"1888","58","Lucina","40","1988-02-03",NULL
"1889","6","Anita","125","1974-10-28",NULL
"1890","94","Packa","124","1972-08-03",NULL
"1891","6","Pavlik","28","2001-03-24",NULL
"1892","61","Ninuska","67","1951-03-31",NULL
"1893","28","Shawny","19","1993-04-03",NULL
"1894","100","Fanynka","105","1923-05-28",NULL
"1895","36","Nugget","59","1951-11-17",NULL
"1896","96","Bast","27","1977-12-31",NULL
"1897","102","BumbbleBee","14","1949-04-07",NULL
"1898","65","Lusinka","28","1996-11-27",NULL
"1899","60","Xonik","49","1951-09-15",NULL
"1900","74","Maura","53","1982-07-02",NULL
"1901","44","Tamara","24","1968-03-09",NULL
"1902","9","Netty","8","1982-03-08",NULL
"1903","52","Cijo-Can","85","1947-04-10",NULL
"1904","16","Quick","48","1974-05-21",NULL
"1905","59","Surfer","144","1945-01-04",NULL
"1906","55","Lizetka","66","1964-08-01",NULL
"1907","15","Baterka","19","1976-09-13",NULL
"1908","81","Lup","21","1926-07-24",NULL
"1909","19","Sunday","113","1991-04-25",NULL
"1910","104","Mura","102","1939-11-04",NULL
"1911","65","Etinka","90","1961-11-10",NULL
"1912","57","Carol","46","2004-08-12",NULL
"1913","64","Tara","124","1974-05-12",NULL
"1914","62","Britany","8","1998-09-27",NULL
"1915","41","Mourek","107","1933-06-28",NULL
"1916","94","Pegy","30","2007-10-09",NULL
"1917","96","Courek","56","1979-06-06",NULL
"1918","76","Alenka","41","1962-07-31",NULL
"1919","102","Beruska","150","1911-05-10",NULL
"1920","16","Sulejka","87","1957-08-27",NULL
"1921","9","Tlapka","22","1969-02-09",NULL
"1922","93","Kocicka","18","1983-04-24",NULL
"1923","73","Neha","143","1972-01-13",NULL
"1924","22","Jessi","58","1998-12-30",NULL
"1925","39","Cinda","15","1919-11-08",NULL
"1926","33","Bobinka","127","1912-10-18",NULL
"1927","13","Wilda","133","1919-03-14",NULL
"1928","5","Preclik","130","1994-04-09",NULL
"1929","65","Shaka","65","2002-09-16",NULL
"1930","65","Domik","23","1971-08-24",NULL
"1931","3","Plasa","134","1934-09-30",NULL
"1932","67","Maya","91","1999-07-03",NULL
"1933","52","Róza","97","2004-02-19",NULL
"1934","58","Scarlett","102","1989-01-31",NULL
"1935","64","Dracice","3","1943-09-30",NULL
"1936","88","Krystof","139","1988-01-30",NULL
"1937","47","Madagaskar","81","1924-02-16",NULL
"1938","89","Amarela","45","1945-01-05",NULL
"1939","72","Ocka","117","1941-07-07",NULL
"1940","71","BuBu,Bubunka","45","1961-04-16",NULL
"1941","63","Nita","43","1944-09-17",NULL
"1942","51","Aneta","67","1950-05-09",NULL
"1943","50","Pepinka","19","1958-06-19",NULL
"1944","97","Sawyer","34","1930-02-04",NULL
"1945","14","Pani Norissova","129","1963-10-06",NULL
"1946","66","Mysicka","116","1939-04-29",NULL
"1947","20","Servac","148","1994-01-08",NULL
"1948","23","Keri","144","1941-02-02",NULL
"1949","18","Jeniffer","5","1938-01-31",NULL
"1950","16","Jen","19","1951-10-18",NULL
"1951","41","Aiko","36","1985-07-29",NULL
"1952","98","Bubu","29","1987-05-21",NULL
"1953","10","Bujón","10","1990-12-05",NULL
"1954","78","Ajinka","103","1955-04-19",NULL
"1955","47","Irena","145","1992-05-21",NULL
"1956","4","Minda","65","1984-12-06",NULL
"1957","77","Selly","37","2010-03-31",NULL
"1958","41","Met","126","1937-05-31",NULL
"1959","75","Sinda","135","1966-11-06",NULL
"1960","36","Emik","61","1962-11-29",NULL
"1961","102","SANCI","106","1998-08-30",NULL
"1962","100","Sabrina","21","1971-07-28",NULL
"1963","91","Fred","80","1998-07-12",NULL
"1964","98","Certik","5","1966-10-28",NULL
"1965","62","Quido","107","2001-03-19",NULL
"1966","46","Marjanka","118","1994-06-27",NULL
"1967","25","Mejkpisova","119","1957-08-15",NULL
"1968","81","Nina","8","1915-04-19",NULL
"1969","5","Pikac","116","1944-05-02",NULL
"1970","96","Bajka","63","1986-07-02",NULL
"1971","77","Fiso","143","1962-05-22",NULL
"1972","72","Denis","40","1993-03-16",NULL
"1973","85","Agapy","22","1941-10-01",NULL
"1974","95","Sminda","55","1991-09-26",NULL
"1975","73","Hurvinek","43","1970-04-23",NULL
"1976","62","Jenis","71","1917-03-04",NULL
"1977","93","Tobbinka","38","1937-07-20",NULL
"1978","15","Jooly","0","1925-01-20",NULL
"1979","99","Dzuli","57","2001-04-21",NULL
"1980","10","Cikinka","42","1968-04-21",NULL
"1981","78","Nimitz","46","1974-04-09",NULL
"1982","47","Corny","25","2007-04-16",NULL
"1983","21","Micinka","126","1928-08-09",NULL
"1984","40","Neninka","11","1931-09-05",NULL
"1985","43","Ximi","149","1987-05-03",NULL
"1986","27","Lalinka","129","2004-07-10",NULL
"1987","17","Afar","117","1949-07-05",NULL
"1988","82","Maci cici","101","1996-08-02",NULL
"1989","48","Rainbow","116","1971-04-09",NULL
"1990","52","Lambisko","7","2007-05-13",NULL
"1991","76","Kiny","61","1985-11-20",NULL
"1992","16","Tasa","88","1970-02-06",NULL
"1993","43","Pam","6","2007-08-07",NULL
"1994","54","Alsan","76","1990-07-28",NULL
"1995","25","Bambulka","104","1992-10-21",NULL
"1996","63","Daisy","143","2007-02-23",NULL
"1997","84","Sony","115","1972-03-21",NULL
"1998","53","Yes","38","1924-04-22",NULL
"1999","52","Felisa","70","1945-07-31",NULL
"2000","12","Mrna","23","1965-09-14",NULL
"2001","102","Hermina","90","1954-08-04",NULL
"2002","82","Dina","106","1964-08-06",NULL
"2003","85","Whisky","37","1974-01-17",NULL
"2004","16","Sarinka","70","1965-04-04",NULL
"2005","42","Dudu","47","1992-11-30",NULL
"2006","23","Nataly","135","1931-09-04",NULL
"2007","50","Mada","54","1942-03-31",NULL
"2008","14","Berysek","92","1952-12-06",NULL
"2009","42","Linda","55","2000-09-02",NULL
"2010","71","Cekira","18","2007-06-11",NULL
"2011","33","Zuran","139","2002-02-13",NULL
"2012","97","Fabiana","36","1998-12-31",NULL
"2013","10","Sarabi","52","1951-06-15",NULL
"2014","88","Cernoocka","136","1948-12-11",NULL
"2015","55","Walis","133","1953-02-13",NULL
"2016","102","Cokina","26","1933-08-05",NULL
"2017","67","Minnie","110","1997-04-20",NULL
"2018","95","Aisha","19","1996-08-02",NULL
"2019","63","Willow","4","1957-12-14",NULL
"2020","100","Rezinka","13","1984-08-02",NULL
"2021","26","Vanocka","123","1963-12-20",NULL
"2022","87","Anna","39","1928-10-29",NULL
"2023","39","Tinky","123","1966-12-06",NULL
"2024","83","Murino","87","1958-12-20",NULL
"2025","96","Kvetik","0","1982-10-21",NULL
"2026","27","Julinka","15","1978-01-09",NULL
"2027","87","Snoopy","95","1952-06-06",NULL
"2028","60","Angelika","111","1964-09-30",NULL
"2029","66","Kitty","120","2007-04-17",NULL
"2030","8","Naggi","47","1957-03-10",NULL
"2031","90","Baffi","74","2000-09-02",NULL
"2032","52","Gwendy","85","1968-08-27",NULL
"2033","24","Koulon","52","1982-01-12",NULL
"2034","98","Businka","80","1967-01-07",NULL
"2035","69","Diana","150","1999-08-26",NULL
"2036","63","Loie","129","1964-03-09",NULL
"2037","81","Palfy","96","1958-08-24",NULL
"2038","20","Dilinka","75","1963-06-03",NULL
"2039","57","Lili","36","1955-12-28",NULL
"2040","78","Rocky","49","1978-06-11",NULL
"2041","83","Alvinka","66","1987-01-24",NULL
"2042","75","Mourecek","54","1936-10-15",NULL
"2043","103","Konicek","71","1911-06-13",NULL
"2044","101","Casiopeya","147","2009-06-25",NULL
"2045","99","Diggy","21","1976-01-30",NULL
"2046","34","Daja","57","1940-09-15",NULL
"2047","39","Akira","141","1989-12-28",NULL
"2048","43","Natalie","117","1938-09-11",NULL
"2049","4","Abarek","6","1964-03-18",NULL
"2050","4","Lumpy","10","1915-10-07",NULL
"2051","46","Glum","118","1974-10-23",NULL
"2052","85","Pajdinka","39","1963-08-16",NULL
"2053","92","Daphne","76","1934-07-12",NULL
"2054","30","Andzelka","21","1970-06-19",NULL
"2055","68","Dina","55","1959-07-11",NULL
"2056","76","Julie","116","1974-12-28",NULL
"2057","16","Leon","123","1937-04-13",NULL
"2058","55","Dede","53","1946-01-10",NULL
"2059","82","Belmonda","9","2007-01-14",NULL
"2060","40","Nyny","9","1938-02-27",NULL
"2061","14","Polly","92","1932-04-16",NULL
"2062","15","Quincy","117","1935-09-23",NULL
"2063","29","Elfik","121","1918-07-01",NULL
"2064","94","Beda","31","2000-01-01",NULL
"2065","90","Magda","52","1981-06-14",NULL
"2066","74","Milota","78","1970-01-03",NULL
"2067","33","Zizinka","121","1968-06-03",NULL
"2068","83","Granulinka","115","1994-11-04",NULL
"2069","68","Bojca","34","1931-10-27",NULL
"2070","82","Inka","83","1989-03-17",NULL
"2071","3","Mafia","50","1965-07-17",NULL
"2072","29","Monty","141","1996-10-03",NULL
"2073","76","Monka","9","1976-01-17",NULL
"2074","91","Anny","150","1952-09-13",NULL
"2075","22","Leon","138","1950-02-19",NULL
"2076","10","Ninuska","1","1929-04-26",NULL
"2077","62","Cersa","54","2010-11-14",NULL
"2078","21","Hervik","54","2003-05-04",NULL
"2079","82","Uhlik","94","1946-11-25",NULL
"2080","88","Raymondek","49","1913-03-02",NULL
"2081","23","Bacilka","53","1987-09-28",NULL
"2082","76","Malenka","137","1962-02-25",NULL
"2083","38","Natalka","15","1984-03-17",NULL
"2084","26","Terry","125","2001-07-05",NULL
"2085","61","Dana","71","1965-09-17",NULL
"2086","43","Ruzenka","54","1912-10-16",NULL
"2087","51","Pussy","88","1955-06-09",NULL
"2088","80","Rosalinda","30","1953-09-18",NULL
"2089","99","Aurelia","70","1986-11-27",NULL
"2090","36","Andula","6","1940-05-17",NULL
"2091","19","Mysikiti","34","1977-10-04",NULL
"2092","6","Jarmilka","117","2004-06-20",NULL
"2093","48","Elfa","20","2003-12-21",NULL
"2094","98","Samuel","148","1995-04-08",NULL
"2095","34","Zuzu","64","2001-03-01",NULL
"2096","92","Klea","146","1982-10-30",NULL
"2097","46","Berta","100","1999-05-29",NULL
"2098","31","Cumak","121","1989-06-19",NULL
"2099","34","Iris","148","1959-10-28",NULL
"2100","68","Randisek","117","1967-05-24",NULL
"2101","68","Mili","114","1998-05-05",NULL
"2102","12","Rubik","1","2004-06-05",NULL
"2103","79","Asla","73","1937-11-29",NULL
"2104","103","Ozembouch","44","1964-11-20",NULL
"2105","72","Mramorka","49","1947-07-05",NULL
"2106","37","Mattysek","28","1931-08-21",NULL
"2107","19","Kira","22","1930-06-04",NULL
"2108","65","Viana","11","1993-11-15",NULL
"2109","67","Jouzefina","93","1967-01-19",NULL
"2110","5","Micka","82","1968-05-28",NULL
"2111","62","Massimo","137","1977-08-12",NULL
"2112","99","Kakabus","105","1997-09-06",NULL
"2113","16","Stella","120","1970-06-21",NULL
"2114","80","Xixi","138","1943-12-14",NULL
"2115","93","Bubble","143","1949-02-12",NULL
"2116","48","Petruska","133","1950-06-20",NULL
"2117","17","Boruvka","82","1919-10-27",NULL
"2118","73","Aiwena","140","2010-04-22",NULL
"2119","21","Filik","23","2007-02-10",NULL
"2120","95","Tami","95","1993-06-17",NULL
"2121","9","Molly","29","1934-10-17",NULL
"2122","59","Sylvya","47","1956-03-11",NULL
"2123","83","Alysska","104","1965-05-27",NULL
"2124","67","Walda","81","1947-04-07",NULL
"2125","99","Miu","97","1928-11-12",NULL
"2126","14","Mysak","79","1939-03-17",NULL
"2127","84","Klarka","44","1972-03-06",NULL
"2128","57","Jackie","1","1984-03-09",NULL
"2129","89","Lotys","142","1915-03-11",NULL
"2130","76","Meda","57","1985-12-08",NULL
"2131","47","Nikinkira","144","1925-02-27",NULL
"2132","46","Slim","148","1930-08-06",NULL
"2133","11","Alice","126","1966-04-02",NULL
"2134","10","Cikoslav","34","2002-04-15",NULL
"2135","96","Celestina","93","1949-07-18",NULL
"2136","102","Tobi","124","1981-07-30",NULL
"2137","47","Canky","35","1970-01-18",NULL
"2138","20","Bebe","101","1994-04-07",NULL
"2139","68","Ella","89","2002-01-31",NULL
"2140","73","Zuzi","86","1938-06-04",NULL
"2141","34","Annie","17","1974-06-25",NULL
"2142","39","Macinka","60","1993-12-11",NULL
"2143","94","Dulisek","28","1961-03-04",NULL
"2144","27","Norri","134","1986-09-18",NULL
"2145","123","Aty","0","1938-12-10",NULL
"2146","16","Tana","30","1997-03-03",NULL
"2147","34","Uhlinka","25","2005-11-27",NULL
"2148","98","Cmout","83","2004-12-07",NULL
"2149","33","Rosi","99","1917-09-29",NULL
"2150","4","Charley","44","1936-06-18",NULL
"2151","51","Bonaqua","24","1943-12-02",NULL
"2152","18","Fleky","30","1998-12-16",NULL
"2153","22","Cendy","21","1925-12-24",NULL
"2154","103","Dulinka","93","1921-08-26",NULL
"2155","37","Cikulda","98","1919-01-27",NULL
"2156","5","Nikita","33","1967-01-29",NULL
"2157","15","Hoky","44","1967-01-23",NULL
"2158","103","Casanddrra","116","1996-10-24",NULL
"2159","4","Tobias","144","1923-11-14",NULL
"2160","19","Carli","51","1939-06-06",NULL
"2161","96","Akaisha","71","1940-05-12",NULL
"2162","54","Oski","84","1972-04-14",NULL
"2163","7","Emily","58","2003-02-24",NULL
"2164","54","Gordon","83","1935-10-05",NULL
"2165","70","Kafourek","35","1983-12-26",NULL
"2166","82","Myska","101","1927-08-13",NULL
"2167","11","Estella","105","1996-08-21",NULL
"2168","78","Stazicka","125","1941-05-27",NULL
"2169","18","Agnes","130","1979-09-14",NULL
"2170","104","Sisa","117","1989-03-15",NULL
"2171","48","Lusy","145","1917-09-14",NULL
"2172","138","Ally","0","1983-06-15",NULL
"2173","94","Majdanek","109","2005-02-16",NULL
"2174","72","Gladys","117","1938-03-03",NULL
"2175","84","Borik","42","1938-01-24",NULL
"2176","4","Tereza","98","1986-06-25",NULL
"2177","27","Babu","132","1985-03-12",NULL
"2178","104","Zoltana","55","2003-04-06",NULL
"2179","72","Sasa","88","2001-08-21",NULL
"2180","80","Anabel","150","2009-02-18",NULL
"2181","69","Liza","138","2003-07-28",NULL
"2182","90","Engina","50","2005-04-12",NULL
"2183","78","Kulicka","143","1952-06-28",NULL
"2184","23","Winnie","117","1935-04-20",NULL
"2185","15","Isis","55","1981-09-15",NULL
"2186","14","Bea","129","1991-07-12",NULL
"2187","52","Bugi","120","2001-05-02",NULL
"2188","83","Ninus","86","1968-11-22",NULL
"2189","60","Alis","4","1929-03-23",NULL
"2190","47","Mimy","52","1954-02-19",NULL
"2191","55","Fik","99","1993-09-25",NULL
"2192","61","Cikinka","132","1969-02-23",NULL
"2193","22","Amalka","22","2005-04-21",NULL
"2194","62","Coky","65","1981-12-17",NULL
"2195","75","Johanka","59","1956-08-23",NULL
"2196","101","Vrcila","82","1952-02-05",NULL
"2197","15","Mina","8","1927-04-14",NULL
"2198","101","Civik","32","1994-10-27",NULL
"2199","121","Majka","0","2003-02-15",NULL
"2200","10","Beny","146","1998-01-31",NULL
"2201","74","Muninka","131","1991-10-08",NULL
"2202","76","Vance","91","1927-05-28",NULL
"2203","83","Ariana","140","1950-05-02",NULL
"2204","67","Cert","88","2006-03-12",NULL
"2205","58","Camanda","120","1968-12-02",NULL
"2206","98","Jepy","111","1962-09-12",NULL
"2207","103","Dudus","8","1947-07-25",NULL
"2208","88","Kucina","85","1938-06-22",NULL
"2209","93","Mitsubishi","7","1986-05-05",NULL
"2210","7","Derick","22","2005-03-09",NULL
"2211","79","Halinka","52","1955-10-17",NULL
"2212","94","Zanetka","74","1926-01-30",NULL
"2213","49","Buklicka","32","1925-09-15",NULL
"2214","8","Kuna","25","1913-01-14",NULL
"2215","43","Fergie","43","2002-10-07",NULL
"2216","3","Kocena","130","1911-09-23",NULL
"2217","6","Vendula","13","1912-11-16",NULL
"2218","3","Aron","31","1943-12-19",NULL
"2219","82","Rossy","106","1944-01-03",NULL
"2220","28","Minka","97","1998-10-19",NULL
"2221","73","Ficek","103","1929-01-12",NULL
"2222","104","Quina","141","1911-05-19",NULL
"2223","104","Mindous","134","1958-06-26",NULL
"2224","78","Nanna","147","1969-01-29",NULL
"2225","93","Sazinka","68","1984-10-10",NULL
"2226","9","Brendy","22","1953-06-11",NULL
"2227","25","Selma","28","2001-07-30",NULL
"2228","20","Hilda","11","1936-07-08",NULL
"2229","27","Amrak","50","1966-06-25",NULL
"2230","74","Arthemis","15","1937-09-29",NULL
"2231","11","Beris","51","1973-11-12",NULL
"2232","88","Chichi","123","1970-12-30",NULL
"2233","63","Brouk Pytlik","24","1996-02-17",NULL
"2234","6","Muminek","54","2008-07-27",NULL
"2235","88","Prdola","81","1965-04-02",NULL
"2236","84","Terrinka","8","1989-03-29",NULL
"2237","101","Bella Mya","140","1939-05-06",NULL
"2238","36","Kera","126","1991-08-07",NULL
"2239","62","Anneliese","47","1976-10-30",NULL
"2240","94","Sharon","56","1950-03-15",NULL
"2241","71","Delisek","7","2009-03-14",NULL
"2242","80","Issabelle","135","2006-04-07",NULL
"2243","61","Vrnda","13","1970-08-21",NULL
"2244","40","Cicour","3","1919-01-16",NULL
"2245","31","Jay","145","1997-12-07",NULL
"2246","40","Chou chou","104","1947-07-31",NULL
"2247","40","Romeo","141","2006-09-12",NULL
"2248","58","Kozlik","111","2005-09-19",NULL
"2249","9","Ernestta","50","1971-04-24",NULL
"2250","28","Herry","85","1950-01-23",NULL
"2251","100","Cassie","135","1977-02-23",NULL
"2252","8","Terminator","146","1998-05-13",NULL
"2253","97","Macinek","25","1997-03-09",NULL
"2254","27","Rexa","94","2005-08-31",NULL
"2255","41","Cilinka","68","1973-07-29",NULL
"2256","99","Maxik","145","1939-08-19",NULL
"2257","79","Suzie","88","1992-02-16",NULL
"2258","71","Amazonka","36","1952-08-09",NULL
"2259","10","Cici","75","1927-06-03",NULL
"2260","118","Endy","0","1915-12-14",NULL
"2261","42","Charisma","28","1960-03-03",NULL
"2262","49","Alik","108","1941-11-20",NULL
"2263","22","Mana","96","1991-08-09",NULL
"2264","15","Alzbeta","58","1921-04-25",NULL
"2265","4","Dikinka","120","1920-05-20",NULL
"2266","54","Artus","15","1926-09-22",NULL
"2267","104","King Elyon","20","2009-02-21",NULL
"2268","25","Zezi","4","1980-07-30",NULL
"2269","51","Jirik","22","1986-02-15",NULL
"2270","99","Micheas","37","1955-10-22",NULL
"2271","41","Valentynka","4","2005-03-29",NULL
"2272","80","Budilka","14","1973-10-01",NULL
"2273","7","Duffy","96","1967-10-19",NULL
"2274","45","Audrey","5","1954-06-22",NULL
"2275","35","Saninka","74","1983-09-26",NULL
"2276","93","Katy","52","1918-02-20",NULL
"2277","1","Lilly","95","1976-01-06",NULL
"2278","16","Broskvicka","34","1966-08-21",NULL
"2279","82","Divis","96","1941-11-18",NULL
"2280","18","Nasira","38","1924-04-04",NULL
"2281","54","Janicka","6","1932-04-23",NULL
"2282","29","Herbert","21","1951-07-09",NULL
"2283","54","Lilinka","71","1975-07-04",NULL
"2284","51","Felicie","40","1937-11-14",NULL
"2285","8","Chip","51","1947-05-31",NULL
"2286","66","Octopussy","118","1938-04-12",NULL
"2287","90","Allfons","25","1959-10-28",NULL
"2288","97","Agnii","51","1951-03-12",NULL
"2289","14","Cicolina","10","1961-02-23",NULL
"2290","25","Deisina","134","1992-12-30",NULL
"2291","38","Lentilka","117","1996-06-11",NULL
"2292","53","Cicparada","142","1914-01-10",NULL
"2293","73","Brunik","51","1943-05-03",NULL
"2294","101","Eset","113","1989-06-06",NULL
"2295","56","Evereta","143","1932-02-13",NULL
"2296","67","Baetis","32","2002-10-28",NULL
"2297","73","Amber","61","1958-10-24",NULL
"2298","94","Bublifuk","147","1974-04-09",NULL
"2299","66","Bobisek","85","2005-08-23",NULL
"2300","31","Nelly","96","1968-04-14",NULL
"2301","35","Cesar","68","1965-04-11",NULL
"2302","94","Ines","101","1958-04-07",NULL
"2303","42","Hracicka","88","2010-04-02",NULL
"2304","42","Kozel","106","1939-05-31",NULL
"2305","29","Fous","51","1954-12-05",NULL
"2306","37","Diblik","28","1945-03-22",NULL
"2307","52","Anuschka","53","1950-01-31",NULL
"2308","86","Suzi","46","1951-06-30",NULL
"2309","27","Lilisek","34","1922-01-18",NULL
"2310","8","Magvi","149","1944-06-12",NULL
"2311","28","Quantas","120","1966-10-23",NULL
"2312","58","Kathaja","112","1963-07-12",NULL
"2313","64","Vincenc","127","2005-12-16",NULL
"2314","104","William","11","1980-03-12",NULL
"2315","55","Quelle","79","1919-11-01",NULL
"2316","28","Arwen","81","1947-03-15",NULL
"2317","28","Slupkyna","35","1965-04-28",NULL
"2318","61","Pepicek","11","1973-11-04",NULL
"2319","92","Juliska","113","1962-01-25",NULL
"2320","28","Ilja","69","1977-07-27",NULL
"2321","101","Candy","91","1964-06-15",NULL
"2322","102","Dˇablik","56","2000-03-21",NULL
"2323","27","Coco","8","1974-09-21",NULL
"2324","68","Ziza","105","2009-08-13",NULL
"2325","101","Midinka","128","1912-11-16",NULL
"2326","57","Leidy","30","1924-02-02",NULL
"2327","66","Bubak","44","1918-07-18",NULL
"2328","40","Micubisi","101","1935-03-20",NULL
"2329","49","Tupac","141","1957-03-09",NULL
"2330","40","Bella","85","1995-02-13",NULL
"2331","85","Fridolin","91","1919-01-03",NULL
"2332","86","Joza","35","1920-03-10",NULL
"2333","29","Fifinka","21","1958-09-14",NULL
"2334","58","Miki","48","1995-10-02",NULL
"2335","90","Chelsea","44","1939-07-11",NULL
"2336","66","Stydlivka","31","1951-01-26",NULL
"2337","44","Viky","68","1947-07-05",NULL
"2338","93","Karca","143","1947-01-28",NULL
"2339","17","Wendi","145","1955-08-05",NULL
"2340","58","Petra","145","1999-06-29",NULL
"2341","83","Amalka","43","1993-07-21",NULL
"2342","73","Gejza","132","2010-02-19",NULL
"2343","45","Jerrynka","118","1984-12-05",NULL
"2344","54","Trin","41","1978-11-18",NULL
"2345","97","Caka","73","1980-06-17",NULL
"2346","37","Atilla","141","1954-06-25",NULL
"2347","92","Degi","119","1919-10-12",NULL
"2348","32","Rita","121","1972-01-21",NULL
"2349","22","Agert","123","1937-10-23",NULL
"2350","97","Terinka","107","1913-08-27",NULL
"2351","23","Beruska","105","1991-06-13",NULL
"2352","53","Judy","73","1979-03-22",NULL
"2353","40","Tutinka","29","1984-07-05",NULL
"2354","27","Kaca","120","1947-09-13",NULL
"2355","34","Suzuki","69","1973-08-25",NULL
"2356","27","Wagner","115","1914-01-15",NULL
"2357","81","Cibunka","132","1985-10-15",NULL
"2358","49","Aza","140","1927-11-14",NULL
"2359","32","Sysy","35","1944-08-01",NULL
"2360","129","Róza","0","1928-02-19",NULL
"2361","5","Kikinka","131","1995-08-13",NULL
"2362","105","Zlobidlo","0","2004-07-11",NULL
"2363","11","Shagy","118","2002-09-17",NULL
"2364","31","Donatella","140","2010-09-12",NULL
"2365","54","Sean John","31","2008-03-05",NULL
"2366","14","Anysek","106","1923-09-07",NULL
"2367","51","Babik","112","1930-06-02",NULL
"2368","86","Vendelin","110","1995-10-24",NULL
"2369","141","Della","0","1950-09-30",NULL
"2370","93","Milda","50","1980-12-31",NULL
"2371","100","Arabelka","48","1963-07-22",NULL
"2372","92","Raya","132","1963-07-14",NULL
"2373","16","Juliana","105","1941-10-27",NULL
"2374","36","Klaffina","137","2007-03-16",NULL
"2375","2","Tessi","91","1947-07-01",NULL
"2376","18","Mazlina","60","1952-06-22",NULL
"2377","39","Hijkan","109","2008-08-20",NULL
"2378","63","Lobelie","108","1926-10-21",NULL
"2379","10","Jachym","60","1970-08-26",NULL
"2380","71","Tupec","92","1935-09-24",NULL
"2381","96","Bibinka","54","1929-05-16",NULL
"2382","104","Antena","14","2002-05-06",NULL
"2383","6","Adelka","72","1938-08-23",NULL
"2384","10","Deriln","88","1996-09-13",NULL
"2385","22","Nikisek","45","1956-07-17",NULL
"2386","38","Cicik","45","1929-04-11",NULL
"2387","21","Beruska","77","1917-07-11",NULL
"2388","20","Katie","134","1936-06-17",NULL
"2389","37","Ruprt","61","1992-06-25",NULL
"2390","39","Figurka","146","1994-01-02",NULL
"2391","55","Tiffany","72","1955-05-22",NULL
"2392","54","Anais","43","2005-07-06",NULL
"2393","41","April","103","1976-05-14",NULL
"2394","52","Smetak","42","1980-01-24",NULL
"2395","58","Milka","33","2007-12-14",NULL
"2396","94","Spóza","45","1940-07-20",NULL
"2397","9","Heronka","6","1989-06-02",NULL
"2398","34","Bucek","137","1966-06-05",NULL
"2399","8","Fluffy","148","2000-07-14",NULL
"2400","93","Vlocka","89","1992-04-14",NULL
"2401","99","Umberto","123","1948-08-23",NULL
"2402","30","Aja","61","1976-12-17",NULL
"2403","55","Mystery","1","1953-10-11",NULL
"2404","24","Alfa","22","2000-09-02",NULL
"2405","2","Micanek","3","1930-12-30",NULL
"2406","84","Miles","141","1941-07-28",NULL
"2407","18","Bobina","33","2003-08-21",NULL
"2408","104","Kyra","86","1956-05-31",NULL
"2409","104","Muclinka","137","1985-11-09",NULL
"2410","25","Tarja","120","1970-11-01",NULL
"2411","57","Jawa","35","1985-05-10",NULL
"2412","92","Nerry","150","1955-03-08",NULL
"2413","70","Lindak","146","2004-06-07",NULL
"2414","31","Letynka","55","1971-07-31",NULL
"2415","2","Mica","19","1959-05-16",NULL
"2416","44","Tretislava","40","1918-11-05",NULL
"2417","18","Volga","18","2004-09-26",NULL
"2418","27","Willy,Willik","24","1982-03-09",NULL
"2419","92","Bed´a","87","1985-06-21",NULL
"2420","65","Perseus","3","1943-08-13",NULL
"2421","10","Nezna","144","1972-03-30",NULL
"2422","50","Xantypa","114","1945-04-13",NULL
"2423","48","Tma","94","1972-05-11",NULL
"2424","89","Michellangelo","140","1914-11-02",NULL
"2425","87","Bimba","136","1993-08-21",NULL
"2426","53","Gizel","78","1964-09-24",NULL
"2427","67","Cenovka","45","1931-06-29",NULL
"2428","90","Pista","0","1999-11-13",NULL
"2429","17","Barticka","85","1967-10-23",NULL
"2430","80","Arlena","106","1976-02-10",NULL
"2431","101","Yatiraj","49","1944-01-18",NULL
"2432","99","Sunny","45","1976-06-24",NULL
"2433","78","Shari","145","1965-02-28",NULL
"2434","94","Aura","85","1959-02-11",NULL
"2435","95","Yasminne","127","1914-11-30",NULL
"2436","76","Tiny","58","1959-11-02",NULL
"2437","98","Astra","149","1969-05-04",NULL
"2438","102","Krivonozka","31","1977-12-02",NULL
"2439","51","Daymen","57","1944-05-25",NULL
"2440","74","Ablop","105","1976-11-27",NULL
"2441","37","Predislava","88","1940-03-28",NULL
"2442","103","Linux","6","1933-02-24",NULL
"2443","101","Doris","144","2007-09-16",NULL
"2444","20","Eternity","144","1954-02-16",NULL
"2445","25","Alisha","40","1958-02-09",NULL
"2446","79","Minky","86","1942-12-30",NULL
"2447","54","Antee","134","1951-04-25",NULL
"2448","81","Choco","0","1968-06-01",NULL
"2449","11","Pusina","29","1976-12-21",NULL
"2450","99","Susu","80","1968-06-06",NULL
"2451","104","Ludmilka","29","1999-12-29",NULL
"2452","5","Candar","120","1957-07-19",NULL
"2453","83","Body","2","1950-06-12",NULL
"2454","90","Lvicek","47","1942-05-01",NULL
"2455","82","Modrinka","32","1975-01-29",NULL
"2456","28","Alik","52","1911-04-14",NULL
"2457","81","Muf","6","1967-09-18",NULL
"2458","95","Ciri","142","1945-09-11",NULL
"2459","76","Timka","89","1962-01-03",NULL
"2460","21","Cecilienka","96","1961-10-09",NULL
"2461","24","Kikina","140","1959-07-31",NULL
"2462","64","Brituska","140","1975-04-26",NULL
"2463","19","Troubik","33","1960-08-29",NULL
"2464","92","Pavel","129","1966-02-09",NULL
"2465","26","Maurisa","149","1963-05-25",NULL
"2466","53","Darinka","20","2007-05-29",NULL
"2467","18","Endy","18","2009-09-25",NULL
"2468","78","Chilli","35","1915-05-02",NULL
"2469","32","Jitrenka","45","1983-12-06",NULL
"2470","95","Latheyla-Leyla","20","1962-08-10",NULL
"2471","6","Izmir","92","1976-01-05",NULL
"2472","96","Rania","25","1955-01-20",NULL
"2473","29","Morousek","73","1957-11-21",NULL
"2474","14","Zuzanka","56","1965-02-17",NULL
"2475","70","Papulka","17","1940-10-25",NULL
"2476","51","Prdelka","36","1997-05-14",NULL
