"id","name","born"
"1","John LORENC","1927-01-22"
"2","Ethan UHER","1955-05-27"
"3","Christian RUDOLF","1971-10-28"
"4","Dennis LAVICKA","2000-05-16"
"5","Luke KALOUS","1939-07-18"
"6","Daniel SVEHLA","2008-10-21"
"7","Matthew KASPAREK","1937-06-10"
"8","George SMEJKAL","1984-02-18"
"9","Elias HAMPL","2005-04-08"
"10","Christian ONDRA","1979-11-14"
"11","Emil MIKULASEK","1982-04-27"
"12","Daniel TRAN","1931-11-12"
"13","George ZIDEK","1982-03-07"
"14","Russell NEJEDLY","1935-08-12"
"15","Aaron KROPACEK","2002-05-16"
"16","George DANIEL","1993-07-01"
"17","Daniel VECERA","2004-02-17"
"18","Anthony WOLF","1995-03-06"
"19","Matthew VONDRAK","1944-01-08"
"20","Anthony HORNIK","1972-04-10"
"21","Matthew SKRABAL","1936-10-20"
"22","Luke JANSA","1933-05-19"
"23","Jack PAPEZ","1967-04-14"
"24","Matthew ZAPLETAL","1950-01-26"
"25","Dennis STREJCEK","1999-11-27"
"26","Francis MATUSKA","1935-02-03"
"27","Dennis SEVERA","1956-04-30"
"28","Emil CADA","1978-07-28"
"29","Matthew MRAZEK","1990-07-25"
"30","Sean KOVAC","1949-10-08"
"31","Michael VONDRACEK","1989-02-17"
"32","Christian SVOZIL","1936-08-09"
"33","Andrew SALEK","1995-04-26"
"34","John LISKA","1944-09-06"
"35","Christopher BUCEK","1967-05-28"
"36","Matthew CAP","1968-12-18"
"37","Christian BOHACEK","1955-02-25"
"38","Michael VITASEK","1964-01-26"
"39","Francis MARECEK","1925-09-01"
"40","Miles MATOUS","2006-02-02"
"41","Cian VRANA","1964-08-12"
"42","Christopher KOVAC","1949-05-24"
"43","Adam KOTAS","1979-10-31"
"44","Russell RAC","1963-10-09"
"45","Christian SEDIVY","1960-10-13"
"46","Gerald MALEK","1955-12-17"
"47","Lucas KLOUDA","1980-09-13"
"48","Dennis VANECEK","1953-09-01"
"49","Alex KOPRIVA","1951-01-19"
"50","Christian KOTEK","1939-10-09"
"51","Lucas KOMAREK","1964-06-29"
"52","John BERANEK","1963-12-16"
"53","Russell PRIBYL","1959-08-20"
"54","Marcus JINDRA","1956-09-24"
"55","Matthew SOBEK","1993-03-30"
"56","Lucas MOTL","1927-05-15"
"57","Gerald PAVLAS","1973-06-14"
"58","Gerald HOVORKA","1972-10-31"
"59","Matthew HEGER","1996-12-29"
"60","Peter MLADEK","2000-05-18"
"61","Joshua PERNICA","1945-06-09"
"62","John LANGR","1938-10-07"
"63","William GAZI","1944-10-28"
"64","Matthew JANSKY","1930-11-30"
"65","Francis DOUBEK","1953-04-27"
"66","Jacob VRANA","1934-09-20"
"67","Emil VANECEK","1935-05-29"
"68","Oliver HAVRANEK","1937-02-06"
"69","Anthony MRAZ","1974-05-18"
"70","John HRDY","1948-05-29"
"71","Elias HRADECKY","1937-09-18"
"72","Oliver KLEMENT","1971-02-25"
"73","Paul REMES","1949-08-01"
"74","Michael OLAH","1961-10-21"
"75","John SKACEL","1950-02-27"
"76","Andrew VACLAVEK","1973-08-03"
"77","Paul LUKES","1993-02-17"
"78","Daniel JILEK","1966-11-19"
"79","Joseph HLAVKA","2008-05-10"
"80","Russell STUPKA","1962-10-28"
"81","Adam CHUDOBA","1929-01-10"
"82","Lucas ADAMEC","1961-11-15"
"83","Matthew TRAN","1941-08-08"
"84","Matthew GRUBER","2006-02-22"
"85","Martin ERBEN","1926-05-15"
"86","Oscar CHMELAR","1979-05-04"
"87","Walter HOREJSI","1959-09-05"
"88","Lucas MATYS","2003-04-08"
"89","Cian KUNC","1959-05-06"
"90","Michael PECKA","1947-09-14"
"91","John MATYAS","1925-11-05"
"92","John KUCERA","1951-09-05"
"93","William VLCEK","1965-11-21"
"94","John LATAL","2009-07-31"
"95","Michael FRANK","1958-07-04"
"96","Alex HLAVKA","1930-01-11"
"97","Michael LUKAC","1958-04-01"
"98","Conor HRUBY","2000-04-19"
"99","William HEJDUK","1948-11-20"
"100","Oliver KAREL","2010-07-01"
"101","Russell PETRAS","1945-02-12"
"102","Walter JAKOUBEK","1962-09-30"
"103","Jack LANGR","1968-02-01"
"104","Russell SOMMER","1963-06-29"
"105","Ethan ZAPLETAL","1960-09-02"
"106","Marcus JECH","1935-06-11"
"107","Christopher CERVENY","1947-03-02"
"108","Joseph KOURIL","1980-04-20"
"109","Daniel MAXA","1928-10-23"
"110","Lucas KOUDELKA","1952-10-31"
"111","Elias SPACEK","1934-10-04"
"112","John HOLY","1973-05-01"
"113","Joseph SIMECEK","1933-04-06"
"114","Martin POUR","1940-08-01"
"115","Marcus SIMA","1980-07-15"
"116","Oliver MACH","2003-04-20"
"117","Alex SYNEK","1935-03-24"
"118","Francis STEHLIK","1964-07-13"
"119","Matthew CHYTIL","1932-12-15"
"120","Christian POLIVKA","1987-07-25"
"121","Aaron CAPEK","1940-03-18"
"122","Joseph SANDA","1997-04-14"
"123","Michael HASEK","1968-12-21"
"124","Christian PAVEL","1937-08-07"
"125","John PATOCKA","1933-07-17"
"126","Ethan GABRIEL","1930-09-20"
"127","Joshua PLACEK","1972-02-19"
"128","James STEPANEK","1926-12-04"
"129","Ethan MAZANEK","1934-11-22"
"130","Gerald SLADEK","1980-07-09"
"131","Conor BOUCEK","1995-03-25"
"132","Christian KUBIN","1985-07-07"
"133","Frederick ZIGA","1993-09-05"
"134","Michael MALINA","1963-09-19"
"135","George BEDNARIK","1974-07-10"
"136","Matthew SKLENAR","1932-09-16"
"137","Dennis HORVAT","1967-03-23"
"138","Joseph HASEK","1985-07-21"
"139","Gerald LOUDA","1961-06-08"
"140","Michael BARTA","1959-01-26"
"141","Walter VOKOUN","2006-04-28"
"142","Conor VAVRA","1986-01-01"
"143","Gerald HANOUSEK","1978-04-06"
"144","Dennis MEDEK","1971-12-25"
"145","Christopher RADA","1942-02-06"
"146","Paul COUFAL","1939-02-10"
"147","Michael UHLIR","1964-11-09"
"148","John ZEZULA","2003-03-28"
"149","Miles PRIHODA","1965-01-29"
"150","Matthew KOLMAN","1988-12-14"
"151","Matthew MLADEK","1999-05-30"
"152","Andrew BARAN","1979-05-17"
"153","Jack JUNEK","1947-03-23"
"154","Russell CAP","1955-01-19"
"155","Luke DOLEJS","1976-01-31"
"156","Matthew MERTA","1973-07-11"
"157","James PRAZAK","2007-04-28"
"158","Luke PECH","1992-06-04"
"159","Mitchell TEPLY","1975-09-25"
"160","Anthony HYBL","1956-11-01"
"161","Marcus GRUBER","1975-07-02"
"162","Joshua JENICEK","1954-10-30"
"163","Oliver MATEJKA","1998-02-21"
"164","Michael VOJTECH","1980-01-31"
"165","Russell KLIMA","1995-02-26"
"166","Jacob SOJKA","2003-08-19"
"167","Jack FORMANEK","1995-08-23"
"168","Ethan KUBEC","1981-01-16"
"169","Elias KOMAREK","1972-08-13"
"170","William KOLARIK","2004-07-28"
"171","Miles PETRAK","1954-03-31"
"172","Aaron KARASEK","1981-11-20"
"173","Jack KOHOUTEK","1943-08-09"
"174","James SVITAK","1940-08-29"
"175","Matthew RADA","1998-02-16"
"176","John BREJCHA","1984-03-26"
"177","Adam DOLEJS","1935-10-07"
"178","William HERMAN","1942-04-08"
"179","Emil KREJCI","1997-02-27"
"180","Sean BOUDA","1953-06-21"
"181","Marcus AMBROZ","1953-11-09"
"182","Oliver KRALIK","1980-09-22"
"183","John KARASEK","2002-03-29"
"184","Elias PRASEK","1978-12-06"
"185","Alex STEPAN","2010-03-04"
"186","Andrew HOREJSI","1975-11-06"
"187","William CERVINKA","1960-07-04"
"188","Anthony CHYTIL","1940-02-02"
"189","Paul FUCHS","1999-03-15"
"190","John BRAUN","1928-07-28"
"191","Miles MASEK","1993-10-13"
"192","Daniel KROPACEK","1977-07-04"
"193","Christian MENCL","1958-05-16"
"194","Gerald MRAZ","2001-04-10"
"195","Sean MAZANEK","1955-01-04"
"196","Dennis VORACEK","1951-01-16"
"197","Martin TVRDIK","1991-05-04"
"198","Alex SVITAK","1931-06-09"
"199","Sean VLCEK","1955-11-24"
"200","Daniel BRABEC","1965-06-22"
"201","Marcus HRADECKY","1947-06-09"
"202","Joseph PAVLAS","1965-01-07"
"203","Joshua PICHA","1962-12-14"
"204","Paul KOVAR","1926-03-02"
"205","Sean CISAR","1931-07-28"
"206","John DEMETER","1940-08-22"
"207","Daniel PILAT","1971-08-22"
"208","Conor DOUBRAVA","1949-01-02"
"209","Walter KARBAN","1939-11-01"
"210","Cian SIMEK","1947-05-03"
"211","Aaron POTUCEK","1963-06-25"
"212","William JURIK","1981-03-05"
"213","Frederick PECH","2002-04-04"
"214","Luke VAVRIK","1980-12-28"
"215","Christopher HECZKO","1991-06-07"
"216","Daniel SCHWARZ","1957-07-12"
"217","Matthew KASIK","1992-02-16"
"218","Adam WOLF","2010-02-08"
"219","Matthew HUDECEK","1997-03-27"
"220","Sean ZAVADIL","1977-05-04"
"221","Joseph SPLICHAL","1937-10-05"
"222","Elias TUMA","1951-01-01"
"223","Gerald OLAH","1984-08-09"
"224","Matthew SPLICHAL","1937-11-02"
"225","Lucas CERVINKA","1987-04-13"
"226","Aaron KLOUDA","1965-11-02"
"227","Marcus ZDRAZIL","1937-09-19"
"228","Jacob SKACEL","1966-12-11"
"229","Elias TRAN","1954-07-25"
"230","Elias BARTOSEK","1933-11-18"
"231","Russell SMOLIK","1998-04-30"
"232","John MATULA","1971-03-02"
"233","Aaron DUDA","1982-08-24"
"234","James HAJNY","2003-11-21"
"235","Aaron TOMES","1982-04-26"
"236","William HUSEK","1953-11-09"
"237","Adam VOREL","2008-01-02"
"238","John HOLY","2001-01-16"
"239","Elias SPICKA","1991-08-02"
"240","Miles DOCEKAL","1966-04-01"
"241","Frederick JANOTA","2000-09-28"
"242","Miles VLACH","1964-04-05"
"243","Ethan HAMPL","1965-11-27"
"244","Oliver HRNCIR","2000-02-26"
"245","Frederick SVESTKA","1991-05-24"
"246","John VALENTA","1996-12-31"
"247","Christian JAKL","1996-02-18"
"248","Ethan SANDA","1936-10-07"
"249","Aaron VOJTA","1945-04-28"
"250","Anthony CHVATAL","1939-08-10"
"251","Martin BAUER","1960-10-26"
"252","Lucas BUBENIK","1986-04-13"
"253","Michael SINDLER","1955-07-20"
"254","Jacob STUCHLIK","1998-10-22"
"255","Christian FRYDRYCH","1961-10-21"
"256","Adam ZACEK","1926-01-30"
"257","William PAUL","2006-11-15"
"258","Michael KUPKA","1943-02-13"
"259","Matthew SAFAR","1973-07-09"
"260","Cian SYKORA","1956-07-28"
"261","James CERNIK","1941-05-21"
"262","Mitchell KRUPICKA","1947-11-07"
"263","Conor KARAS","1926-08-22"
"264","Anthony PERINA","1967-01-22"
"265","Michael DUCHON","1977-09-15"
"266","Daniel STEFL","1932-02-27"
"267","Christian ZDARSKY","1994-04-15"
"268","Conor KASAL","1955-11-17"
"269","Oliver SKACEL","1978-06-02"
"270","Francis POLANSKY","1948-10-31"
"271","Christian VODICKA","2001-04-01"
"272","Daniel FUCHS","1976-01-02"
"273","Gerald VITASEK","1991-01-02"
"274","Michael HENDRYCH","1943-06-07"
"275","Matthew RAK","1927-03-16"
"276","George KORINEK","1933-02-18"
"277","Sean VIT","1995-08-31"
"278","Michael NOVY","1964-08-25"
"279","Alex HRUBY","1992-07-05"
"280","Russell DVORACEK","1987-11-10"
"281","Adam SEVCIK","2005-08-25"
"282","Anthony BREZINA","1936-03-26"
"283","Martin KADLEC","1971-10-04"
"284","Ethan FISER","1954-09-11"
"285","Christopher MULLER","1993-05-16"
"286","Mitchell BINA","1965-05-09"
"287","Mitchell SVESTKA","1963-05-06"
"288","Mitchell BRADAC","1928-08-30"
"289","John SLECHTA","1996-12-07"
"290","Oliver MATEJICEK","1977-09-09"
"291","John TRAVNICEK","1977-05-26"
"292","Dennis SVEJDA","1950-05-01"
"293","Matthew DOHNAL","2003-04-22"
"294","Daniel PRACHAR","1952-01-15"
"295","Alex GREGOR","1929-07-21"
"296","Daniel SEIDL","1954-10-20"
"297","Oliver MUZIK","1958-01-30"
"298","Martin HAJNY","1943-01-19"
"299","Christian MARTINEC","1957-04-12"
"300","Martin JANIK","1997-07-11"
"301","James MATUSKA","2009-07-29"
"302","Emil POLIVKA","1974-01-08"
"303","Daniel VYMAZAL","1997-01-26"
"304","Michael RASKA","1978-11-06"
"305","Daniel RICHTER","1946-08-26"
"306","James SOVA","1940-01-11"
"307","Dennis KOUBA","1945-08-05"
"308","Lucas BAYER","1964-07-25"
"309","Adam SCHWARZ","2002-04-03"
"310","Elias SEBEK","1953-05-07"
"311","Andrew FRYDRYCH","1958-04-25"
"312","Frederick KOSIK","1979-03-09"
"313","Peter KOLMAN","1992-12-07"
"314","Michael KASPAREK","1937-01-21"
"315","Russell SNAJDR","1932-04-16"
"316","Francis CERVENY","1933-03-25"
"317","George PATEK","1999-08-09"
"318","Walter PAZDERA","2004-05-29"
"319","Magnus PATOCKA","1955-03-15"
"320","Joshua SOLC","1999-02-16"
"321","Matthew PETRAK","2006-06-25"
"322","Christian BALOUN","1965-05-08"
"323","Mitchell JEZ","1981-11-11"
"324","John CHOVANEC","1931-08-12"
"325","Mitchell DUCHON","1973-03-11"
"326","Sean SKRIVANEK","1968-02-10"
"327","Paul POSPISIL","1965-09-04"
"328","Daniel HAMPL","1982-08-14"
"329","Paul DAVID","2007-02-16"
"330","John SEVERA","1940-11-12"
"331","John PESKA","1939-02-12"
"332","Michael MUZIK","1952-07-27"
"333","Miles BEDNARIK","1977-03-15"
"334","Magnus VALENTA","1986-05-18"
"335","Martin FRANK","1966-01-06"
"336","Christian NESVADBA","1969-12-11"
"337","James SUBRT","1975-10-31"
"338","George ERBEN","1943-12-17"
"339","Dennis POPELKA","1995-01-08"
"340","Jack KLECKA","1975-02-04"
"341","Joseph JAKUBEC","1995-10-15"
"342","Christian KOUBEK","2009-12-25"
"343","Peter SKALICKY","1964-02-19"
"344","Magnus TVRDIK","1974-06-28"
"345","Jack SMOLA","1980-02-05"
"346","Conor FORT","2008-02-11"
"347","Russell HRON","1982-02-10"
"348","William KOZEL","2006-04-09"
"349","John HLAVACEK","1982-04-22"
"350","George LAKATOS","1975-08-30"
"351","Frederick VONDRA","2001-08-13"
"352","Dennis ZEZULA","1986-07-04"
"353","John NAGY","1954-02-20"
"354","John LINHART","1999-05-19"
"355","Miles ZUREK","1935-12-07"
"356","Matthew CHALUPA","1986-01-24"
"357","Miles KOVAR","2003-10-29"
"358","Anthony PETRU","1958-12-15"
"359","Matthew MOJZIS","2003-01-27"
"360","Anthony BEDNARIK","1950-10-10"
"361","Cian JENICEK","1998-02-28"
"362","Paul BURIAN","1953-10-24"
"363","Magnus KOCOUREK","1973-06-30"
"364","Christian MLEJNEK","1952-11-16"
"365","George JAKES","2008-10-20"
"366","Elias PRACHAR","2004-11-05"
"367","Peter CHOVANEC","1954-09-08"
"368","Christian SVAB","1952-04-28"
"369","Christopher PROCHAZKA","2010-01-02"
"370","Christopher HRADECKY","1957-02-18"
"371","James VYSLOUZIL","1945-01-28"
"372","Jacob HOLAN","2003-07-27"
"373","Russell MASEK","1996-08-08"
"374","Adam ZIZKA","1974-05-20"
"375","Oliver KOUDELKA","2009-02-07"
"376","Michael SEDA","1942-05-01"
"377","Magnus MERTA","1944-09-06"
"378","Sean CHLUP","2002-09-24"
"379","Jack KOLEK","1977-02-04"
"380","Matthew BREJCHA","1992-09-02"
"381","Michael MUSIL","1972-03-19"
"382","Michael JURCIK","1975-04-26"
"383","Marcus HOLAS","2010-07-10"
"384","Dennis MAXA","1998-03-13"
"385","Cian SVATON","2000-05-08"
"386","Luke KLIMES","1992-10-11"
"387","Christian JANICEK","1954-05-22"
"388","Daniel BRABEC","2000-02-08"
"389","Matthew KADLEC","1972-06-18"
"390","John HANUS","1960-02-09"
"391","Andrew CERVENAK","1952-07-03"
"392","Gerald NEDBAL","1929-12-19"
"393","Russell SNAJDR","1932-11-02"
"394","Martin BERAN","1950-01-05"
"395","Christian SIMON","2006-10-13"
"396","Joseph MIRGA","1986-11-02"
"397","Luke TABORSKY","1930-08-19"
"398","Gerald FUCHS","1969-04-29"
"399","Jack MACHAC","1949-06-11"
"400","Aaron KALA","1945-04-04"
"401","Paul JANOTA","1980-03-04"
"402","Gerald KRAJICEK","1975-01-09"
"403","Lucas HAMPL","2004-03-16"
"404","George ZEMANEK","1933-04-29"
"405","Michael FRANEK","1982-03-01"
"406","Jacob PETR","1973-12-25"
"407","Frederick MALIK","1969-03-22"
"408","Elias REZEK","1968-08-24"
"409","Lucas VAVRIK","1950-09-15"
"410","Elias JANATA","1933-11-30"
"411","Anthony KOUDELA","1970-05-18"
"412","Michael JIRANEK","2002-01-29"
"413","Oliver KOSINA","1997-12-07"
"414","Frederick SKRABAL","1984-10-19"
"415","Marcus VACHA","1987-09-11"
"416","Francis MRAZEK","1945-03-12"
"417","Gerald KINDL","1979-10-11"
"418","Oliver NOVACEK","1982-03-01"
"419","Conor COUFAL","1960-09-20"
"420","Daniel POLACH","1947-07-08"
"421","Emil NEMECEK","1945-11-16"
"422","Lucas STIBOR","1928-05-10"
"423","Jack BILY","1980-05-23"
"424","Alex BROZEK","1925-08-30"
"425","Ethan BARTAK","1955-04-30"
"426","Russell MARES","1960-10-24"
"427","Michael BURDA","2001-08-18"
"428","Conor CHARVAT","1990-02-16"
"429","Matthew MATEJKA","1953-06-21"
"430","Michael HOMOLKA","1959-10-21"
"431","Christian PRACHAR","1988-10-06"
"432","Matthew HLAVACEK","1964-04-03"
"433","Michael DOLEZAL","1927-01-15"
"434","Walter HOLECEK","1956-01-06"
"435","Francis BAUER","1975-05-27"
"436","Alex PALECEK","1998-02-10"
"437","Conor MYSKA","1989-09-10"
"438","James PANEK","1952-05-03"
"439","Russell CERNY","1969-04-15"
"440","Cian SRB","1938-07-09"
"441","Anthony JANOUSEK","1959-12-10"
"442","Martin JANECKA","1930-12-18"
"443","Matthew KOSINA","1986-03-21"
"444","Daniel KOSINA","1933-04-22"
"445","Adam SASEK","1982-09-24"
"446","Magnus VANEK","1972-09-16"
"447","Oscar FRANC","1996-11-14"
"448","Alex PATOCKA","1934-07-08"
"449","Adam KAREL","1945-12-06"
"450","Magnus KLOUDA","1937-01-26"
"451","Adam PAZDERA","1965-09-25"
"452","Cian STRNAD","1945-03-06"
"453","John DITTRICH","1953-03-07"
"454","Peter GOTTWALD","1956-11-04"
"455","Michael MARSALEK","1949-07-20"
"456","George STIBOR","1943-06-20"
"457","Elias TESAR","1978-03-16"
"458","Christian VOJTISEK","1982-11-03"
"459","Cian COUFAL","1949-09-18"
"460","Walter KOCIAN","2000-01-26"
"461","John PETERKA","1927-05-16"
"462","Adam BARTON","1960-01-15"
"463","John KANA","1935-05-13"
"464","Cian BERAN","1972-08-10"
"465","Conor MATEJICEK","1982-09-18"
"466","Marcus VACEK","1989-06-12"
"467","Matthew HANZAL","1965-08-06"
"468","Marcus VYDRA","1964-10-24"
"469","Joseph HAVRANEK","1965-12-10"
"470","Anthony VOJTEK","1926-06-04"
"471","Adam FRIDRICH","2009-06-27"
"472","George KRIZEK","1951-11-07"
"473","Sean KRUPICKA","1998-08-18"
"474","Conor HEJDUK","1985-04-08"
"475","Marcus STEPAN","1946-03-29"
"476","Christopher KUDRNA","1933-05-13"
"477","Luke BECKA","1954-11-12"
"478","Miles BRAUN","2000-11-02"
"479","Magnus JAVUREK","1947-02-17"
"480","Elias FRANK","1936-05-12"
"481","Elias MARES","1982-05-24"
"482","Daniel BRAZDIL","1994-08-05"
"483","Martin MORAVEK","2003-04-13"
"484","John CHROMY","1959-03-31"
"485","Matthew MICKA","2001-05-18"
"486","Francis KOPECNY","1980-12-07"
"487","Jack ZELENY","1956-02-19"
"488","Christian SIMUNEK","1960-02-09"
"489","Joshua DOLEJSI","2005-05-19"
"490","Emil SOKOL","2005-01-25"
"491","Joseph STEJSKAL","1935-01-31"
"492","Mitchell SVATOS","1993-05-02"
"493","Christian PSENICKA","1928-12-19"
"494","George KREJCIK","1932-01-07"
"495","Walter BUCHTA","2009-10-27"
"496","Oliver VONDRAK","1985-06-23"
"497","Francis JANATA","1954-08-20"
"498","Russell FUCHS","1951-08-07"
"499","Frederick JANOVSKY","2005-04-04"